"lat","lng","radius","color","popup"
4.74839917998637,-74.0906628767848,2,"#5E4FA2","   3,Masculino,raza8,sabor5"
0,0,2,"#9E0142","   8,Femenino,raza2,sabor1"
4.64980014140902,-74.108747655802,2,"#5E4FA2","  16,Masculino,raza7,sabor3"
4.68125426023292,-74.0408615748434,2,"#9E0142","  18,Femenino,raza7,sabor2"
4.70224581511676,-74.0501185656027,2,"#5E4FA2","  20,Masculino,raza1,sabor3"
4.67536308406449,-74.0447947600048,2,"#5E4FA2","  23,Masculino,raza2,sabor5"
4.69366014621066,-74.0488463518213,2,"#5E4FA2","  29,Masculino,raza10,sabor1"
4.71641419527092,-74.0485998158202,2,"#9E0142","  31,Femenino,raza1,sabor2"
4.68462480881628,-74.0560329893708,2,"#5E4FA2","  33,Masculino,raza9,sabor2"
4.73678663151325,-74.0821792791324,2,"#9E0142","  36,Femenino,raza9,sabor3"
4.6056333799974,-74.0980520649682,2,"#5E4FA2","  43,Masculino,raza4,sabor3"
4.67197166973978,-74.0989559614622,2,"#5E4FA2","  48,Masculino,raza2,sabor4"
4.74255634609128,-74.0922316453797,2,"#5E4FA2","  50,Masculino,raza7,sabor4"
0,0,2,"#5E4FA2","  54,Masculino,raza2,sabor5"
4.72254515972868,-74.0607297589568,2,"#5E4FA2","  56,Masculino,raza2,sabor2"
4.60189634384008,-74.1107067035751,2,"#5E4FA2","  62,Masculino,raza1,sabor2"
4.68713661844405,-74.0324710566512,2,"#5E4FA2","  88,Masculino,raza10,sabor2"
4.72164754575008,-74.0569283092617,2,"#9E0142"," 106,Femenino,raza9,sabor1"
4.5945503783465,-74.1752903750445,2,"#9E0142"," 113,Femenino,raza10,sabor2"
4.71071391103094,-74.0683608523463,2,"#9E0142"," 117,Femenino,raza2,sabor4"
4.6715666643491,-74.0458298443887,2,"#5E4FA2"," 130,Masculino,raza2,sabor5"
4.6818169374553,-74.0419978228663,2,"#5E4FA2"," 136,Masculino,raza3,sabor4"
4.74996741545271,-74.0861303502033,2,"#9E0142"," 139,Femenino,raza2,sabor5"
4.62585270713135,-74.0699071984583,2,"#9E0142"," 141,Femenino,raza5,sabor1"
4.72701258391238,-74.0635374665547,2,"#9E0142"," 144,Femenino,raza4,sabor3"
4.63522203859439,-74.0643729413864,2,"#9E0142"," 145,Femenino,raza9,sabor1"
4.71039489734752,-74.076636318886,2,"#5E4FA2"," 149,Masculino,raza5,sabor5"
4.72100621622289,-74.0276240833337,2,"#9E0142"," 150,Femenino,raza4,sabor5"
4.6717086903525,-74.0463951343716,2,"#5E4FA2"," 151,Masculino,raza9,sabor4"
4.60518043285493,-74.091752889534,2,"#5E4FA2"," 158,Masculino,raza9,sabor5"
0,0,2,"#5E4FA2"," 159,Masculino,raza8,sabor5"
4.66473190059751,-74.1359476224078,2,"#5E4FA2"," 160,Masculino,raza9,sabor1"
0,0,2,"#9E0142"," 163,Femenino,raza5,sabor1"
4.60413144436726,-74.0867649960902,2,"#5E4FA2"," 167,Masculino,raza7,sabor3"
4.67204734246944,-74.0496453659494,2,"#9E0142"," 171,Femenino,raza4,sabor4"
4.6374942492387,-74.171218556,2,"#9E0142"," 175,Femenino,raza1,sabor1"
4.58483457367677,-74.1139774611153,2,"#9E0142"," 182,Femenino,raza5,sabor3"
4.68728295341024,-74.0378310920774,2,"#5E4FA2"," 193,Masculino,raza9,sabor1"
4.67885537373782,-74.0545986811811,2,"#5E4FA2"," 195,Masculino,raza10,sabor5"
4.60593230796853,-74.1092715505302,2,"#5E4FA2"," 203,Masculino,raza10,sabor5"
4.64293985778731,-74.0799622403282,2,"#9E0142"," 217,Femenino,raza3,sabor4"
4.7038248083842,-74.1144498205072,2,"#5E4FA2"," 218,Masculino,raza4,sabor5"
4.7406846481304,-74.0446456869155,2,"#5E4FA2"," 219,Masculino,raza4,sabor4"
4.59762386649274,-74.0971685613304,2,"#5E4FA2"," 223,Masculino,raza1,sabor5"
4.66915329259026,-74.0584386038993,2,"#5E4FA2"," 224,Masculino,raza1,sabor4"
4.60403390008115,-74.1514747428981,2,"#9E0142"," 226,Femenino,raza1,sabor1"
4.68023922894921,-74.0421919482171,2,"#5E4FA2"," 228,Masculino,raza1,sabor2"
4.6222910714266,-74.0904073293879,2,"#9E0142"," 229,Femenino,raza6,sabor1"
4.68823455286346,-74.0714665727326,2,"#9E0142"," 231,Femenino,raza8,sabor5"
4.5973732901708,-74.0797569074578,2,"#5E4FA2"," 232,Masculino,raza2,sabor3"
0,0,2,"#9E0142"," 233,Femenino,raza9,sabor2"
4.7191963710315,-74.0770485240887,2,"#5E4FA2"," 234,Masculino,raza3,sabor1"
4.62620819068956,-74.076302994027,2,"#9E0142"," 235,Femenino,raza1,sabor2"
4.62708111661639,-74.1479115785523,2,"#5E4FA2"," 237,Masculino,raza9,sabor3"
4.73293633870061,-74.0565093917426,2,"#5E4FA2"," 239,Masculino,raza9,sabor4"
4.66583086613322,-74.1556779511865,2,"#5E4FA2"," 240,Masculino,raza2,sabor2"
4.6570083680701,-74.1087636284834,2,"#9E0142"," 241,Femenino,raza7,sabor4"
0,0,2,"#9E0142"," 242,Femenino,raza10,sabor1"
4.69339242420524,-74.1519939009733,2,"#9E0142"," 247,Femenino,raza3,sabor4"
4.72378390821101,-74.0286329257918,2,"#9E0142"," 248,Femenino,raza6,sabor5"
4.65005692779457,-74.1724233253371,2,"#5E4FA2"," 252,Masculino,raza10,sabor3"
4.67187022071657,-74.0479093671109,2,"#9E0142"," 253,Femenino,raza2,sabor5"
4.60451038240471,-74.1538038849358,2,"#9E0142"," 254,Femenino,raza7,sabor5"
4.68888863962484,-74.0650635095924,2,"#9E0142"," 255,Femenino,raza2,sabor4"
0,0,2,"#9E0142"," 256,Femenino,raza10,sabor2"
4.60171500433502,-74.1136609536822,2,"#5E4FA2"," 259,Masculino,raza4,sabor3"
0,0,2,"#9E0142"," 261,Femenino,raza6,sabor4"
4.66560030242094,-74.1351791895403,2,"#5E4FA2"," 263,Masculino,raza3,sabor4"
4.69783902557997,-74.065522964444,2,"#5E4FA2"," 268,Masculino,raza6,sabor3"
4.64190444595171,-74.1381382041816,2,"#9E0142"," 269,Femenino,raza10,sabor5"
4.67707926456701,-74.1050303994102,2,"#9E0142"," 270,Femenino,raza4,sabor1"
4.61199851779045,-74.1193677525509,2,"#5E4FA2"," 271,Masculino,raza7,sabor1"
4.75755760351405,-74.054268931243,2,"#5E4FA2"," 272,Masculino,raza6,sabor5"
4.56962491078473,-74.116340856897,2,"#9E0142"," 273,Femenino,raza3,sabor3"
4.75261142524272,-74.0635017291346,2,"#9E0142"," 274,Femenino,raza4,sabor3"
4.72897808437059,-74.0335288208881,2,"#9E0142"," 281,Femenino,raza4,sabor4"
4.6912499859691,-74.068414769347,2,"#9E0142"," 284,Femenino,raza3,sabor5"
0,0,2,"#5E4FA2"," 286,Masculino,raza5,sabor2"
4.75261142524272,-74.0635017291346,2,"#5E4FA2"," 288,Masculino,raza7,sabor2"
4.66560030242094,-74.1351791895403,2,"#9E0142"," 291,Femenino,raza4,sabor1"
4.68219039790864,-74.1059246360525,2,"#5E4FA2"," 294,Masculino,raza9,sabor1"
4.76072460648028,-74.0321695516998,2,"#5E4FA2"," 295,Masculino,raza6,sabor4"
4.67887361683022,-74.1147495971017,2,"#5E4FA2"," 296,Masculino,raza9,sabor1"
4.67995355439457,-74.0382348255883,2,"#5E4FA2"," 298,Masculino,raza10,sabor2"
4.65273209209932,-74.0593997555438,2,"#5E4FA2"," 300,Masculino,raza4,sabor1"
0,0,2,"#5E4FA2"," 302,Masculino,raza10,sabor1"
4.68023922894921,-74.0421919482171,2,"#5E4FA2"," 303,Masculino,raza2,sabor5"
4.7670164870225,-74.0470780535743,2,"#5E4FA2"," 305,Masculino,raza10,sabor4"
4.70916369072139,-74.0567281394822,2,"#9E0142"," 306,Femenino,raza4,sabor5"
0,0,2,"#5E4FA2"," 307,Masculino,raza2,sabor4"
4.6430374929338,-74.0702495906258,2,"#9E0142"," 309,Femenino,raza9,sabor1"
4.69556775311559,-74.0431843420861,2,"#9E0142"," 311,Femenino,raza6,sabor4"
0,0,2,"#9E0142"," 317,Femenino,raza3,sabor4"
4.68595121228866,-74.0353799333283,2,"#9E0142"," 318,Femenino,raza10,sabor2"
4.69838523512754,-74.0797671693118,2,"#5E4FA2"," 322,Masculino,raza3,sabor2"
4.74732153422848,-74.0581501754476,2,"#5E4FA2"," 324,Masculino,raza5,sabor3"
4.7044285419632,-74.0213748274829,2,"#9E0142"," 326,Femenino,raza10,sabor5"
4.69159752187996,-74.0342445447993,2,"#5E4FA2"," 328,Masculino,raza3,sabor4"
4.68246535599201,-74.0777901909375,2,"#9E0142"," 329,Femenino,raza2,sabor5"
4.68125426023292,-74.0408615748434,2,"#5E4FA2"," 330,Masculino,raza8,sabor4"
4.6711911343529,-74.0547225693838,2,"#5E4FA2"," 331,Masculino,raza7,sabor2"
4.74826649826779,-74.100609427497,2,"#5E4FA2"," 333,Masculino,raza1,sabor4"
4.71738505664696,-74.1160181297938,2,"#9E0142"," 334,Femenino,raza1,sabor1"
4.62672573982563,-74.0775064257178,2,"#5E4FA2"," 335,Masculino,raza3,sabor1"
4.65105383121024,-74.0512393876301,2,"#5E4FA2"," 339,Masculino,raza5,sabor5"
4.6589813982655,-74.0525495643849,2,"#5E4FA2"," 342,Masculino,raza10,sabor1"
4.67464826747336,-74.0510664766377,2,"#9E0142"," 343,Femenino,raza2,sabor2"
4.68719037431786,-74.0379167083735,2,"#9E0142"," 345,Femenino,raza1,sabor1"
4.68719037431786,-74.0379167083735,2,"#5E4FA2"," 346,Masculino,raza5,sabor1"
4.67243510037717,-74.0474502143338,2,"#5E4FA2"," 347,Masculino,raza5,sabor1"
4.68045549337351,-74.0445425977274,2,"#9E0142"," 348,Femenino,raza5,sabor5"
0,0,2,"#9E0142"," 350,Femenino,raza3,sabor3"
4.66751529198023,-74.0566234411444,2,"#5E4FA2"," 354,Masculino,raza5,sabor2"
4.67460835223839,-74.0597751038488,2,"#5E4FA2"," 355,Masculino,raza1,sabor1"
4.67660212012222,-74.106000924675,2,"#9E0142"," 360,Femenino,raza1,sabor5"
4.74537924933775,-74.0340548986792,2,"#5E4FA2"," 361,Masculino,raza1,sabor3"
4.62831903413544,-74.078068991701,2,"#5E4FA2"," 364,Masculino,raza5,sabor2"
4.63005159811881,-74.149982580833,2,"#5E4FA2"," 365,Masculino,raza10,sabor1"
4.75627320742016,-74.058779666801,2,"#9E0142"," 369,Femenino,raza7,sabor3"
4.71516832589608,-74.1359340731826,2,"#5E4FA2"," 371,Masculino,raza7,sabor3"
4.64660102472441,-74.0552530994448,2,"#5E4FA2"," 372,Masculino,raza8,sabor2"
4.69699926649306,-74.1122193842951,2,"#5E4FA2"," 373,Masculino,raza10,sabor2"
0,0,2,"#5E4FA2"," 375,Masculino,raza10,sabor5"
4.61231345811929,-74.1489592538551,2,"#5E4FA2"," 376,Masculino,raza8,sabor4"
4.75778716356849,-74.0464259050309,2,"#5E4FA2"," 378,Masculino,raza6,sabor2"
4.62380145664844,-74.1809390960076,2,"#9E0142"," 380,Femenino,raza8,sabor3"
4.74771624611471,-74.0648961754909,2,"#5E4FA2"," 381,Masculino,raza4,sabor5"
4.67450413741307,-74.1404177314229,2,"#9E0142"," 382,Femenino,raza8,sabor1"
4.70811933697699,-74.0341006158352,2,"#5E4FA2"," 383,Masculino,raza1,sabor5"
4.67962568307258,-74.0384872716493,2,"#5E4FA2"," 385,Masculino,raza9,sabor3"
4.59699642662798,-74.0715343156196,2,"#5E4FA2"," 387,Masculino,raza9,sabor3"
4.74796393635935,-74.1066646192222,2,"#5E4FA2"," 390,Masculino,raza10,sabor5"
4.75611523592177,-74.0952838147095,2,"#9E0142"," 391,Femenino,raza7,sabor2"
4.67203951759328,-74.1302249820001,2,"#5E4FA2"," 392,Masculino,raza10,sabor5"
4.63315972907534,-74.0905401232446,2,"#5E4FA2"," 393,Masculino,raza4,sabor1"
4.70482031059928,-74.0751783929294,2,"#9E0142"," 396,Femenino,raza10,sabor3"
4.61987055927543,-74.1160832859242,2,"#9E0142"," 397,Femenino,raza2,sabor5"
4.69852378529016,-74.0572288517651,2,"#9E0142"," 398,Femenino,raza1,sabor3"
4.68591220499349,-74.0662300439337,2,"#5E4FA2"," 400,Masculino,raza9,sabor3"
4.69551376063966,-74.0376262754908,2,"#5E4FA2"," 402,Masculino,raza1,sabor1"
4.6448235498678,-74.05841209314,2,"#9E0142"," 404,Femenino,raza1,sabor3"
4.68308646129514,-74.1141251878584,2,"#9E0142"," 405,Femenino,raza9,sabor1"
4.75313716135323,-74.1092548228099,2,"#9E0142"," 408,Femenino,raza4,sabor1"
4.58984722333398,-74.1047174207352,2,"#5E4FA2"," 410,Masculino,raza3,sabor4"
4.59298333042919,-74.0797071902204,2,"#5E4FA2"," 411,Masculino,raza9,sabor5"
4.73828915960999,-74.0366365299173,2,"#9E0142"," 412,Femenino,raza9,sabor4"
4.69389642099295,-74.0627195221757,2,"#5E4FA2"," 414,Masculino,raza9,sabor1"
4.64305428241619,-74.1290727033431,2,"#9E0142"," 418,Femenino,raza10,sabor1"
4.67021661519839,-74.1120521233857,2,"#9E0142"," 419,Femenino,raza10,sabor1"
4.60309920154847,-74.0665189356848,2,"#9E0142"," 421,Femenino,raza7,sabor2"
4.62174965508778,-74.1404654216147,2,"#5E4FA2"," 422,Masculino,raza6,sabor1"
4.69001126321188,-74.0693340511916,2,"#9E0142"," 423,Femenino,raza3,sabor2"
4.69152722385329,-74.0337194832647,2,"#5E4FA2"," 425,Masculino,raza2,sabor2"
4.6660806040087,-74.0513933968273,2,"#9E0142"," 426,Femenino,raza7,sabor1"
4.65845277951408,-74.0493952104045,2,"#5E4FA2"," 427,Masculino,raza1,sabor3"
4.67001049530654,-74.0777424048109,2,"#5E4FA2"," 428,Masculino,raza10,sabor2"
4.67588266481606,-74.0612878643398,2,"#9E0142"," 430,Femenino,raza3,sabor5"
4.62859608485694,-74.0901736743087,2,"#9E0142"," 431,Femenino,raza1,sabor5"
4.60431844491791,-74.093349673635,2,"#5E4FA2"," 432,Masculino,raza5,sabor5"
4.69755134074328,-74.123785474971,2,"#9E0142"," 434,Femenino,raza9,sabor3"
4.65166054377715,-74.1112932768814,2,"#9E0142"," 435,Femenino,raza7,sabor2"
4.72718204090683,-74.0757036024417,2,"#9E0142"," 436,Femenino,raza8,sabor2"
4.64563357609089,-74.1393321936198,2,"#5E4FA2"," 438,Masculino,raza2,sabor2"
4.58847650737733,-74.1138431711776,2,"#9E0142"," 439,Femenino,raza1,sabor2"
4.6529193017976,-74.0527237351716,2,"#5E4FA2"," 442,Masculino,raza6,sabor3"
4.65048474820217,-74.0900189010657,2,"#5E4FA2"," 443,Masculino,raza3,sabor3"
4.63212917584129,-74.0625651281925,2,"#5E4FA2"," 445,Masculino,raza10,sabor4"
4.70081314081981,-74.0617850997091,2,"#5E4FA2"," 447,Masculino,raza10,sabor3"
4.66525662598219,-74.1145171296855,2,"#5E4FA2"," 449,Masculino,raza4,sabor5"
4.7288527325373,-74.055368065271,2,"#5E4FA2"," 451,Masculino,raza8,sabor4"
0,0,2,"#5E4FA2"," 452,Masculino,raza9,sabor3"
4.68125426023292,-74.0408615748434,2,"#5E4FA2"," 453,Masculino,raza6,sabor1"
4.69464443092551,-74.0800466726996,2,"#5E4FA2"," 454,Masculino,raza4,sabor1"
4.74448639080935,-74.0540064772796,2,"#9E0142"," 456,Femenino,raza7,sabor3"
4.59425059811958,-74.0727520519109,2,"#9E0142"," 461,Femenino,raza6,sabor4"
4.65695299591064,-74.0750768088901,2,"#9E0142"," 462,Femenino,raza10,sabor5"
4.61459441617057,-74.0694422667079,2,"#5E4FA2"," 464,Masculino,raza8,sabor4"
0,0,2,"#9E0142"," 468,Femenino,raza8,sabor5"
4.64948928590035,-74.1342248345625,2,"#9E0142"," 469,Femenino,raza6,sabor2"
4.71944963553776,-74.0603702403491,2,"#9E0142"," 470,Femenino,raza2,sabor5"
4.69674945002901,-74.0634794746905,2,"#5E4FA2"," 472,Masculino,raza4,sabor4"
0,0,2,"#9E0142"," 473,Femenino,raza7,sabor4"
4.68536630571962,-74.0949199396702,2,"#5E4FA2"," 474,Masculino,raza3,sabor5"
0,0,2,"#5E4FA2"," 475,Masculino,raza6,sabor1"
4.66386675291507,-74.0508045360786,2,"#9E0142"," 476,Femenino,raza1,sabor3"
4.61381261882611,-74.1342599135354,2,"#5E4FA2"," 478,Masculino,raza6,sabor1"
4.60909492393662,-74.0767099672984,2,"#9E0142"," 482,Femenino,raza1,sabor1"
0,0,2,"#9E0142"," 484,Femenino,raza3,sabor4"
4.67652528240806,-74.0588584137356,2,"#9E0142"," 485,Femenino,raza3,sabor4"
4.68649471000363,-74.1004038755876,2,"#9E0142"," 488,Femenino,raza1,sabor2"
4.69084189782187,-74.0383081083602,2,"#9E0142"," 489,Femenino,raza2,sabor3"
4.61362754179722,-74.0658432317348,2,"#5E4FA2"," 492,Masculino,raza8,sabor4"
4.70179421636746,-74.1083587562407,2,"#5E4FA2"," 493,Masculino,raza8,sabor2"
4.6643943279235,-74.056895502096,2,"#9E0142"," 495,Femenino,raza7,sabor2"
4.62889832302117,-74.0830772666889,2,"#9E0142"," 497,Femenino,raza6,sabor1"
4.70412986202874,-74.0575657495221,2,"#5E4FA2"," 498,Masculino,raza10,sabor3"
4.66931884442178,-74.0855998774365,2,"#9E0142"," 499,Femenino,raza3,sabor5"
4.70200482784733,-74.0428672137519,2,"#9E0142"," 501,Femenino,raza2,sabor1"
4.64504130211112,-74.0912488774132,2,"#9E0142"," 502,Femenino,raza7,sabor4"
4.763309068871,-74.0492157077707,2,"#5E4FA2"," 503,Masculino,raza2,sabor3"
4.68287819905837,-74.0527477408279,2,"#5E4FA2"," 504,Masculino,raza4,sabor2"
0,0,2,"#5E4FA2"," 506,Masculino,raza3,sabor1"
4.73577462003907,-74.0868728536896,2,"#5E4FA2"," 509,Masculino,raza4,sabor5"
4.68462480881628,-74.0560329893708,2,"#5E4FA2"," 513,Masculino,raza3,sabor2"
4.72831686171928,-74.0302204642922,2,"#5E4FA2"," 515,Masculino,raza6,sabor2"
4.68666287661677,-74.0324485179845,2,"#9E0142"," 518,Femenino,raza8,sabor2"
4.6278194692626,-74.0808537818185,2,"#9E0142"," 521,Femenino,raza3,sabor2"
4.70343745236019,-74.0531350502041,2,"#5E4FA2"," 524,Masculino,raza3,sabor3"
4.69960213728565,-74.0372719923823,2,"#9E0142"," 526,Femenino,raza5,sabor4"
4.6087251416835,-74.1887418416333,2,"#5E4FA2"," 527,Masculino,raza5,sabor4"
4.66682681172492,-74.0474245041284,2,"#5E4FA2"," 529,Masculino,raza8,sabor3"
4.68793263649112,-74.0607166966011,2,"#9E0142"," 532,Femenino,raza8,sabor2"
4.73124391771613,-74.0656385796838,2,"#9E0142"," 536,Femenino,raza5,sabor2"
4.68142078358091,-74.050342617393,2,"#9E0142"," 537,Femenino,raza7,sabor1"
0,0,2,"#9E0142"," 541,Femenino,raza10,sabor2"
4.74448639080935,-74.0540064772796,2,"#5E4FA2"," 542,Masculino,raza10,sabor4"
4.76227400961193,-74.0326840655047,2,"#5E4FA2"," 543,Masculino,raza6,sabor1"
4.7492248471893,-74.0553177327297,2,"#9E0142"," 546,Femenino,raza5,sabor3"
4.6312223024717,-74.0730723272779,2,"#9E0142"," 549,Femenino,raza7,sabor1"
4.61329528168089,-74.1368027207769,2,"#9E0142"," 551,Femenino,raza10,sabor1"
4.74884113033287,-74.0900865177034,2,"#9E0142"," 552,Femenino,raza2,sabor2"
4.72693299405323,-74.1234920386124,2,"#9E0142"," 554,Femenino,raza2,sabor4"
4.71628093907463,-74.0393386566999,2,"#9E0142"," 555,Femenino,raza4,sabor5"
4.74825614601235,-74.0901318239199,2,"#9E0142"," 556,Femenino,raza10,sabor2"
4.60479679336426,-74.1167877040313,2,"#9E0142"," 559,Femenino,raza10,sabor4"
4.69372700238209,-74.0266204784415,2,"#5E4FA2"," 560,Masculino,raza3,sabor2"
4.6912499859691,-74.068414769347,2,"#5E4FA2"," 562,Masculino,raza10,sabor4"
4.6084836995228,-74.0806546630402,2,"#5E4FA2"," 563,Masculino,raza6,sabor5"
4.68396150922457,-74.0561114183398,2,"#9E0142"," 564,Femenino,raza3,sabor1"
4.64758959295327,-74.1377436977596,2,"#9E0142"," 565,Femenino,raza2,sabor2"
4.70350347364648,-74.0904732869642,2,"#9E0142"," 567,Femenino,raza3,sabor1"
4.59777578733571,-74.0892260355753,2,"#5E4FA2"," 568,Masculino,raza2,sabor4"
0,0,2,"#9E0142"," 576,Femenino,raza7,sabor2"
4.64580107541968,-74.0696148315872,2,"#9E0142"," 578,Femenino,raza8,sabor4"
4.73347185805112,-74.0261212705068,2,"#5E4FA2"," 580,Masculino,raza7,sabor1"
4.54379609455857,-74.1107186931659,2,"#5E4FA2"," 582,Masculino,raza5,sabor2"
0,0,2,"#5E4FA2"," 583,Masculino,raza4,sabor4"
4.67489994994368,-74.0501371648778,2,"#5E4FA2"," 586,Masculino,raza8,sabor4"
4.65849195748955,-74.1183936989153,2,"#5E4FA2"," 587,Masculino,raza3,sabor4"
4.70356964637368,-74.0446878236731,2,"#9E0142"," 591,Femenino,raza7,sabor1"
0,0,2,"#5E4FA2"," 597,Masculino,raza9,sabor5"
4.67584344018231,-74.0965402473817,2,"#9E0142"," 599,Femenino,raza10,sabor3"
4.72774363715539,-74.1169422165891,2,"#5E4FA2"," 603,Masculino,raza7,sabor4"
4.62339010392333,-74.1333151730693,2,"#5E4FA2"," 605,Masculino,raza3,sabor1"
4.68034441568715,-74.1088770671138,2,"#5E4FA2"," 606,Masculino,raza5,sabor4"
4.66692315655,-74.0473378200153,2,"#9E0142"," 609,Femenino,raza7,sabor4"
0,0,2,"#5E4FA2"," 613,Masculino,raza10,sabor2"
4.65849435246015,-74.0531662202912,2,"#9E0142"," 614,Femenino,raza4,sabor5"
4.75953712236737,-74.038647841092,2,"#9E0142"," 615,Femenino,raza1,sabor2"
4.74789209761021,-74.0434347094434,2,"#5E4FA2"," 617,Masculino,raza7,sabor2"
4.74995438193602,-74.0930876114956,2,"#5E4FA2"," 618,Masculino,raza3,sabor5"
4.64545027813705,-74.0827242994714,2,"#5E4FA2"," 621,Masculino,raza5,sabor3"
4.5952087654294,-74.150392118277,2,"#9E0142"," 622,Femenino,raza8,sabor5"
4.67549798268482,-74.0544273831498,2,"#5E4FA2"," 624,Masculino,raza5,sabor1"
0,0,2,"#5E4FA2"," 625,Masculino,raza7,sabor2"
0,0,2,"#9E0142"," 626,Femenino,raza4,sabor1"
4.6449613901243,-74.0697601597962,2,"#9E0142"," 628,Femenino,raza4,sabor5"
4.73123020947043,-74.0509369606508,2,"#5E4FA2"," 629,Masculino,raza5,sabor2"
4.73519500262788,-74.0357878076395,2,"#5E4FA2"," 630,Masculino,raza3,sabor3"
4.7050732383126,-74.0622934581584,2,"#9E0142"," 635,Femenino,raza5,sabor5"
4.584373365329,-74.1148805404016,2,"#9E0142"," 636,Femenino,raza9,sabor3"
4.58294891228075,-74.142221158953,2,"#5E4FA2"," 637,Masculino,raza1,sabor3"
4.7149688359857,-74.0365311597086,2,"#9E0142"," 640,Femenino,raza7,sabor5"
4.68164379782726,-74.0553852050084,2,"#9E0142"," 641,Femenino,raza7,sabor1"
4.71743266925187,-74.0811463147368,2,"#5E4FA2"," 644,Masculino,raza1,sabor3"
4.72164764698502,-74.072059230433,2,"#9E0142"," 646,Femenino,raza1,sabor4"
4.69604094426246,-74.0634625878185,2,"#5E4FA2"," 648,Masculino,raza10,sabor2"
4.67907927723516,-74.0779406226844,2,"#9E0142"," 651,Femenino,raza4,sabor5"
4.634154457738,-74.1256363710371,2,"#9E0142"," 652,Femenino,raza1,sabor1"
4.72440757424044,-74.1205579771869,2,"#5E4FA2"," 653,Masculino,raza8,sabor2"
4.6324993556093,-74.1451985571207,2,"#5E4FA2"," 654,Masculino,raza7,sabor3"
4.75351912259145,-74.1002940381068,2,"#9E0142"," 656,Femenino,raza7,sabor3"
4.67301538783594,-74.0818754306551,2,"#5E4FA2"," 657,Masculino,raza10,sabor2"
4.66683553913523,-74.1182280736136,2,"#9E0142"," 659,Femenino,raza10,sabor1"
4.57073323807373,-74.0898285171357,2,"#5E4FA2"," 660,Masculino,raza3,sabor2"
4.69945019080459,-74.044935843826,2,"#9E0142"," 664,Femenino,raza2,sabor3"
0,0,2,"#9E0142"," 672,Femenino,raza1,sabor5"
4.6625836692307,-74.0740685467628,2,"#9E0142"," 675,Femenino,raza5,sabor1"
4.57946244545383,-74.1322847909665,2,"#9E0142"," 676,Femenino,raza6,sabor3"
4.69736889655821,-74.0480018927205,2,"#9E0142"," 678,Femenino,raza10,sabor1"
0,0,2,"#9E0142"," 679,Femenino,raza2,sabor5"
4.73331554207336,-74.0330545410224,2,"#5E4FA2"," 681,Masculino,raza2,sabor4"
4.61854877018891,-74.0690046461121,2,"#9E0142"," 683,Femenino,raza9,sabor2"
4.64202845412355,-74.1121616884464,2,"#5E4FA2"," 684,Masculino,raza6,sabor5"
4.59120309210581,-74.0743421338232,2,"#9E0142"," 688,Femenino,raza6,sabor1"
0,0,2,"#9E0142"," 690,Femenino,raza10,sabor3"
4.63872778076484,-74.0737104778487,2,"#9E0142"," 691,Femenino,raza10,sabor5"
4.64144891799473,-74.1441583799382,2,"#5E4FA2"," 699,Masculino,raza8,sabor1"
4.71462060309107,-74.1247048589263,2,"#5E4FA2"," 702,Masculino,raza7,sabor3"
4.69700481715459,-74.0617474360709,2,"#5E4FA2"," 703,Masculino,raza9,sabor2"
4.68012476387087,-74.073274509171,2,"#5E4FA2"," 704,Masculino,raza3,sabor3"
4.69140909335208,-74.0512975404031,2,"#9E0142"," 705,Femenino,raza2,sabor4"
4.65901465754824,-74.0505441168411,2,"#9E0142"," 712,Femenino,raza6,sabor2"
4.68125426023292,-74.0408615748434,2,"#5E4FA2"," 713,Masculino,raza2,sabor4"
4.65640462979702,-74.136771604846,2,"#5E4FA2"," 716,Masculino,raza8,sabor1"
4.69579107048715,-74.0612394867678,2,"#9E0142"," 719,Femenino,raza3,sabor2"
4.68080790290264,-74.0482754135254,2,"#5E4FA2"," 722,Masculino,raza7,sabor5"
4.69917349061109,-74.0420570137587,2,"#5E4FA2"," 724,Masculino,raza7,sabor1"
4.70602546460252,-74.1128128613721,2,"#9E0142"," 725,Femenino,raza7,sabor4"
4.68239740085636,-74.1413535694606,2,"#5E4FA2"," 728,Masculino,raza1,sabor2"
4.72459778740605,-74.0206836529127,2,"#9E0142"," 729,Femenino,raza1,sabor3"
4.67974179112991,-74.0808564599588,2,"#9E0142"," 732,Femenino,raza3,sabor4"
4.64675315674491,-74.095042133315,2,"#9E0142"," 736,Femenino,raza7,sabor3"
4.693534338787,-74.0878019788098,2,"#5E4FA2"," 737,Masculino,raza9,sabor1"
4.66693329071928,-74.0581352714736,2,"#9E0142"," 739,Femenino,raza6,sabor1"
0,0,2,"#9E0142"," 740,Femenino,raza6,sabor2"
4.73945354490264,-74.0437908686388,2,"#9E0142"," 743,Femenino,raza5,sabor5"
4.72113710808156,-74.0675497742385,2,"#9E0142"," 745,Femenino,raza8,sabor5"
4.76393741446403,-74.0429315595482,2,"#5E4FA2"," 746,Masculino,raza5,sabor3"
0,0,2,"#5E4FA2"," 751,Masculino,raza3,sabor5"
4.62272864870106,-74.1304521223953,2,"#9E0142"," 752,Femenino,raza3,sabor2"
4.67939604494952,-74.0788749651995,2,"#9E0142"," 755,Femenino,raza10,sabor2"
0,0,2,"#9E0142"," 756,Femenino,raza4,sabor2"
4.68635823248983,-74.0490260815517,2,"#9E0142"," 759,Femenino,raza8,sabor5"
4.71037383192198,-74.1193610800486,2,"#5E4FA2"," 760,Masculino,raza9,sabor4"
4.69793400886461,-74.0747790814557,2,"#9E0142"," 765,Femenino,raza4,sabor4"
4.67359887739487,-74.1231299433894,2,"#5E4FA2"," 769,Masculino,raza1,sabor5"
4.73770607051757,-74.0985419080578,2,"#9E0142"," 770,Femenino,raza8,sabor3"
4.63862005628945,-74.0791642948924,2,"#5E4FA2"," 771,Masculino,raza2,sabor4"
4.76723715733416,-74.0450614439676,2,"#5E4FA2"," 773,Masculino,raza8,sabor1"
0,0,2,"#5E4FA2"," 774,Masculino,raza6,sabor4"
4.68491573380925,-74.0570122609162,2,"#5E4FA2"," 775,Masculino,raza1,sabor4"
4.64305428241619,-74.1290727033431,2,"#5E4FA2"," 777,Masculino,raza2,sabor4"
4.74784380990291,-74.0331943325739,2,"#9E0142"," 780,Femenino,raza4,sabor5"
4.70627675781647,-74.0513245138053,2,"#9E0142"," 782,Femenino,raza10,sabor1"
4.68469816449402,-74.045145667219,2,"#5E4FA2"," 784,Masculino,raza5,sabor3"
4.74401945136251,-74.0643609182311,2,"#9E0142"," 786,Femenino,raza2,sabor1"
4.72977769020019,-74.0469580310464,2,"#9E0142"," 788,Femenino,raza6,sabor3"
4.57524859489024,-74.0981611444907,2,"#9E0142"," 789,Femenino,raza6,sabor3"
4.5911336881293,-74.0917143320921,2,"#9E0142"," 791,Femenino,raza10,sabor5"
4.68955994396527,-74.0506084720054,2,"#9E0142"," 792,Femenino,raza8,sabor3"
4.62777179228917,-74.0784362445826,2,"#5E4FA2"," 794,Masculino,raza6,sabor4"
4.69512297800713,-74.0443230237693,2,"#9E0142"," 795,Femenino,raza4,sabor5"
4.6317931064868,-74.0823554941384,2,"#9E0142"," 796,Femenino,raza5,sabor4"
4.68012476387087,-74.073274509171,2,"#5E4FA2"," 797,Masculino,raza8,sabor2"
4.59726873908781,-74.0717253856277,2,"#5E4FA2"," 798,Masculino,raza1,sabor4"
4.69853609846943,-74.0375595799498,2,"#9E0142"," 809,Femenino,raza2,sabor2"
4.68140556418181,-74.0980859401646,2,"#5E4FA2"," 810,Masculino,raza10,sabor1"
4.69016754523415,-74.1002966709394,2,"#5E4FA2"," 811,Masculino,raza6,sabor2"
4.73076234244274,-74.0563894599985,2,"#5E4FA2"," 812,Masculino,raza5,sabor2"
4.61821948792477,-74.1197052096558,2,"#5E4FA2"," 818,Masculino,raza3,sabor5"
0,0,2,"#5E4FA2"," 822,Masculino,raza9,sabor1"
4.58605978051138,-74.1418708482137,2,"#9E0142"," 826,Femenino,raza5,sabor1"
4.67007170515774,-74.1112197621178,2,"#9E0142"," 827,Femenino,raza9,sabor4"
4.64368703194948,-74.0636728225796,2,"#5E4FA2"," 830,Masculino,raza9,sabor1"
4.59638803338196,-74.0809586562134,2,"#9E0142"," 833,Femenino,raza2,sabor3"
4.68279067967384,-74.0459562642308,2,"#5E4FA2"," 834,Masculino,raza6,sabor2"
4.62533874721057,-74.1343904115271,2,"#5E4FA2"," 842,Masculino,raza3,sabor3"
4.69054132190046,-74.0428812545399,2,"#5E4FA2"," 844,Masculino,raza7,sabor1"
4.67056400691306,-74.1297218108782,2,"#9E0142"," 846,Femenino,raza9,sabor1"
0,0,2,"#9E0142"," 847,Femenino,raza7,sabor2"
4.70835954149606,-74.0919013465941,2,"#9E0142"," 848,Femenino,raza3,sabor1"
4.66452243149216,-74.1333137323231,2,"#5E4FA2"," 851,Masculino,raza2,sabor3"
4.64630645934679,-74.0682149223006,2,"#9E0142"," 852,Femenino,raza3,sabor4"
4.63760932241572,-74.0912794861983,2,"#9E0142"," 869,Femenino,raza2,sabor1"
4.76542445450404,-74.0476851791473,2,"#5E4FA2"," 892,Masculino,raza2,sabor2"
4.66727785585498,-74.1281789152366,2,"#9E0142"," 894,Femenino,raza6,sabor3"
4.71088745065035,-74.0591051543385,2,"#9E0142"," 895,Femenino,raza5,sabor1"
4.74204978845529,-74.1073380870342,2,"#9E0142"," 897,Femenino,raza4,sabor1"
4.67853820854413,-74.0915824354048,2,"#5E4FA2"," 901,Masculino,raza4,sabor4"
4.67048313102391,-74.0531223081071,2,"#5E4FA2"," 902,Masculino,raza6,sabor4"
4.49876604206992,-74.1134917164245,2,"#5E4FA2"," 908,Masculino,raza7,sabor1"
0,0,2,"#9E0142"," 910,Femenino,raza8,sabor3"
4.73331554207336,-74.0330545410224,2,"#9E0142"," 916,Femenino,raza1,sabor3"
4.73263827205567,-74.057848022062,2,"#9E0142"," 917,Femenino,raza4,sabor1"
4.62888328867826,-74.201156420888,2,"#9E0142"," 919,Femenino,raza9,sabor5"
4.70327649129499,-74.046573348236,2,"#5E4FA2"," 921,Masculino,raza1,sabor4"
4.65582626125168,-74.0526590494013,2,"#5E4FA2"," 922,Masculino,raza1,sabor3"
0,0,2,"#5E4FA2"," 924,Masculino,raza9,sabor3"
4.71892194180745,-74.0788762533183,2,"#9E0142"," 928,Femenino,raza4,sabor2"
4.67707926456701,-74.1050303994102,2,"#9E0142"," 931,Femenino,raza8,sabor4"
4.69451273126837,-74.043727124925,2,"#9E0142"," 932,Femenino,raza9,sabor1"
4.60025402962743,-74.1231599801105,2,"#9E0142"," 934,Femenino,raza4,sabor1"
4.64236649365141,-74.1286624683531,2,"#9E0142"," 937,Femenino,raza7,sabor1"
4.63765470206934,-74.0792224127956,2,"#5E4FA2"," 938,Masculino,raza9,sabor1"
4.71091938721875,-74.1318999696484,2,"#5E4FA2"," 939,Masculino,raza9,sabor2"
4.63805351678024,-74.0706710098613,2,"#9E0142"," 942,Femenino,raza4,sabor2"
4.73346790476589,-74.0330905675479,2,"#5E4FA2"," 945,Masculino,raza8,sabor3"
4.63212917584129,-74.0625651281925,2,"#5E4FA2"," 946,Masculino,raza5,sabor1"
0,0,2,"#9E0142"," 947,Femenino,raza4,sabor1"
4.70592254081116,-74.1267724382945,2,"#5E4FA2"," 948,Masculino,raza2,sabor3"
4.72373238694436,-74.0351025419548,2,"#5E4FA2"," 953,Masculino,raza10,sabor5"
4.62285335288115,-74.0762340190343,2,"#5E4FA2"," 954,Masculino,raza2,sabor5"
4.69858032407224,-74.0706919446721,2,"#9E0142"," 955,Femenino,raza3,sabor2"
4.67818141793514,-74.0540031784694,2,"#9E0142"," 957,Femenino,raza4,sabor1"
4.60081776979109,-74.0792970872795,2,"#5E4FA2"," 958,Masculino,raza8,sabor4"
4.67814628829764,-74.1075396754049,2,"#5E4FA2"," 959,Masculino,raza7,sabor3"
4.7181698308586,-74.111140431437,2,"#9E0142"," 960,Femenino,raza6,sabor2"
4.64956889153154,-74.059808343744,2,"#5E4FA2"," 961,Masculino,raza8,sabor2"
4.74771624611471,-74.0648961754909,2,"#9E0142"," 962,Femenino,raza9,sabor2"
4.72094324020792,-74.1081237717753,2,"#9E0142"," 963,Femenino,raza5,sabor4"
4.63107497781382,-74.065174578525,2,"#9E0142"," 966,Femenino,raza8,sabor2"
4.60331282857536,-74.1038377417133,2,"#9E0142"," 967,Femenino,raza10,sabor5"
4.72367786603451,-74.1167929862749,2,"#5E4FA2"," 968,Masculino,raza5,sabor4"
4.6603713047868,-74.1196486485069,2,"#9E0142"," 969,Femenino,raza10,sabor4"
0,0,2,"#9E0142"," 971,Femenino,raza10,sabor2"
4.68484825606991,-74.0612788682371,2,"#5E4FA2"," 979,Masculino,raza5,sabor1"
4.5965320108193,-74.1145904316452,2,"#9E0142"," 981,Femenino,raza6,sabor4"
4.71580325747347,-74.0374743543961,2,"#9E0142"," 982,Femenino,raza6,sabor4"
0,0,2,"#9E0142"," 985,Femenino,raza9,sabor1"
4.72246502001163,-74.1314615867186,2,"#9E0142"," 987,Femenino,raza8,sabor2"
4.74851933209924,-74.0922900749044,2,"#5E4FA2"," 988,Masculino,raza1,sabor2"
4.61857531364708,-74.1311979696294,2,"#5E4FA2"," 993,Masculino,raza6,sabor2"
4.75973876969774,-74.1056115201226,2,"#5E4FA2"," 996,Masculino,raza8,sabor2"
4.70186316482563,-74.0930941466694,2,"#5E4FA2"," 997,Masculino,raza3,sabor1"
4.67296916312793,-74.121690863851,2,"#5E4FA2","1000,Masculino,raza9,sabor5"
4.67381194820305,-74.104653250715,2,"#5E4FA2","1001,Masculino,raza9,sabor1"
4.6714838060191,-74.0578169533744,2,"#9E0142","1002,Femenino,raza5,sabor2"
4.57499708325785,-74.1299683196578,2,"#5E4FA2","1003,Masculino,raza7,sabor2"
4.60145887127903,-74.0688702478329,2,"#5E4FA2","1006,Masculino,raza4,sabor1"
4.67630965194673,-74.051020346788,2,"#9E0142","1007,Femenino,raza1,sabor3"
4.67013508503131,-74.0572933088202,2,"#5E4FA2","1009,Masculino,raza7,sabor2"
4.69055786213739,-74.0437035061011,2,"#5E4FA2","1010,Masculino,raza4,sabor5"
4.64306261015347,-74.0649477693104,2,"#9E0142","1011,Femenino,raza6,sabor3"
4.66534370575742,-74.1553846401112,2,"#9E0142","1013,Femenino,raza6,sabor5"
0,0,2,"#9E0142","1015,Femenino,raza9,sabor3"
4.60150306588418,-74.1555852527694,2,"#9E0142","1016,Femenino,raza8,sabor3"
4.65611300859785,-74.1178424276597,2,"#5E4FA2","1020,Masculino,raza7,sabor1"
4.65427980941994,-74.0557414189428,2,"#5E4FA2","1021,Masculino,raza3,sabor4"
0,0,2,"#5E4FA2","1023,Masculino,raza6,sabor5"
4.67733435992735,-74.1393387039783,2,"#9E0142","1025,Femenino,raza1,sabor2"
4.64208943197437,-74.1027400352273,2,"#9E0142","1027,Femenino,raza6,sabor1"
4.6992754359284,-74.0667249413607,2,"#5E4FA2","1031,Masculino,raza1,sabor2"
0,0,2,"#9E0142","1033,Femenino,raza1,sabor1"
4.68981779124929,-74.053275642543,2,"#5E4FA2","1034,Masculino,raza9,sabor3"
4.74292054571177,-74.0566894900807,2,"#5E4FA2","1035,Masculino,raza9,sabor2"
4.63900047543056,-74.1499522460673,2,"#5E4FA2","1036,Masculino,raza1,sabor5"
4.57615552002361,-74.1344811108921,2,"#5E4FA2","1037,Masculino,raza1,sabor4"
4.68790491451419,-74.1191984972871,2,"#9E0142","1038,Femenino,raza2,sabor4"
0,0,2,"#5E4FA2","1041,Masculino,raza9,sabor3"
4.65700481358812,-74.0585715226765,2,"#5E4FA2","1043,Masculino,raza1,sabor2"
4.63341552286178,-74.1389085724826,2,"#5E4FA2","1044,Masculino,raza10,sabor2"
0,0,2,"#9E0142","1045,Femenino,raza10,sabor2"
4.7258147872385,-74.0297331495393,2,"#9E0142","1047,Femenino,raza6,sabor5"
4.64108671306444,-74.0760179967832,2,"#5E4FA2","1048,Masculino,raza10,sabor5"
4.64480301474733,-74.0844290702381,2,"#5E4FA2","1050,Masculino,raza8,sabor3"
4.69148864410591,-74.0425378206537,2,"#5E4FA2","1055,Masculino,raza2,sabor3"
4.67130269811574,-74.1268160878647,2,"#5E4FA2","1056,Masculino,raza1,sabor4"
4.65639783701612,-74.0500739201056,2,"#5E4FA2","1057,Masculino,raza3,sabor2"
4.69951383408781,-74.1240226927244,2,"#9E0142","1060,Femenino,raza1,sabor4"
4.75126210277565,-74.0571609811316,2,"#5E4FA2","1061,Masculino,raza9,sabor1"
4.70365402901955,-74.0901588093736,2,"#9E0142","1062,Femenino,raza8,sabor1"
4.61066573868228,-74.1145322111562,2,"#5E4FA2","1063,Masculino,raza5,sabor3"
4.64733327692088,-74.1293723870987,2,"#5E4FA2","1067,Masculino,raza6,sabor3"
4.68867217741868,-74.030134603615,2,"#5E4FA2","1070,Masculino,raza10,sabor1"
0,0,2,"#5E4FA2","1071,Masculino,raza3,sabor2"
4.68955974069237,-74.070997764289,2,"#9E0142","1073,Femenino,raza10,sabor3"
4.67719744866097,-74.0421419869687,2,"#5E4FA2","1074,Masculino,raza2,sabor2"
0,0,2,"#5E4FA2","1076,Masculino,raza4,sabor2"
4.73732457631873,-74.0375041768405,2,"#5E4FA2","1081,Masculino,raza3,sabor1"
4.64847781367591,-74.168335674089,2,"#5E4FA2","1082,Masculino,raza7,sabor1"
0,0,2,"#9E0142","1083,Femenino,raza8,sabor3"
4.59091652496173,-74.0760319171256,2,"#5E4FA2","1084,Masculino,raza8,sabor4"
4.71777097446513,-74.0299578166134,2,"#5E4FA2","1085,Masculino,raza10,sabor4"
4.58363889777262,-74.0917209354093,2,"#5E4FA2","1087,Masculino,raza8,sabor2"
4.62574146926647,-74.1701528773902,2,"#9E0142","1089,Femenino,raza2,sabor5"
4.66999160109636,-74.0631714898866,2,"#5E4FA2","1090,Masculino,raza4,sabor4"
4.71317974202008,-74.0702369411016,2,"#5E4FA2","1093,Masculino,raza2,sabor3"
4.70679985829621,-74.0326252905622,2,"#5E4FA2","1097,Masculino,raza4,sabor2"
4.66942209077811,-74.1164305968553,2,"#5E4FA2","1099,Masculino,raza8,sabor3"
4.64453529865078,-74.1049112122482,2,"#9E0142","1100,Femenino,raza3,sabor2"
4.60478311943404,-74.0845904403468,2,"#9E0142","1102,Femenino,raza1,sabor4"
4.7125612640487,-74.1232909900368,2,"#5E4FA2","1103,Masculino,raza3,sabor2"
4.71651327972334,-74.04878470269,2,"#5E4FA2","1105,Masculino,raza2,sabor4"
4.7177733680283,-74.0731463492749,2,"#5E4FA2","1107,Masculino,raza5,sabor5"
4.68246950613741,-74.050586554396,2,"#5E4FA2","1108,Masculino,raza10,sabor2"
4.70075518911209,-74.032390982183,2,"#5E4FA2","1109,Masculino,raza7,sabor1"
4.61691731443771,-74.154470017245,2,"#9E0142","1112,Femenino,raza6,sabor2"
4.68749980760295,-74.0492585292955,2,"#5E4FA2","1113,Masculino,raza6,sabor1"
4.67990341106035,-74.0456177657832,2,"#9E0142","1114,Femenino,raza5,sabor4"
4.69459537431152,-74.0466299081793,2,"#9E0142","1115,Femenino,raza1,sabor3"
4.71179520482838,-74.0300135179893,2,"#5E4FA2","1120,Masculino,raza10,sabor2"
4.64480301474733,-74.0844290702381,2,"#9E0142","1121,Femenino,raza9,sabor3"
4.70053319324672,-74.0361507650027,2,"#9E0142","1123,Femenino,raza5,sabor3"
4.61368137464997,-74.1781190952194,2,"#5E4FA2","1124,Masculino,raza1,sabor4"
0,0,2,"#9E0142","1125,Femenino,raza6,sabor2"
4.73154615218799,-74.0283072775676,2,"#9E0142","1126,Femenino,raza4,sabor2"
4.59550601955404,-74.1281985312522,2,"#9E0142","1128,Femenino,raza2,sabor4"
4.72254515972868,-74.0607297589568,2,"#9E0142","1129,Femenino,raza1,sabor5"
4.60405107179502,-74.0695260502258,2,"#5E4FA2","1132,Masculino,raza7,sabor4"
4.62434010250509,-74.1766173438853,2,"#9E0142","1135,Femenino,raza6,sabor4"
4.67743680051167,-74.063959839194,2,"#9E0142","1138,Femenino,raza3,sabor5"
4.65213993813469,-74.0586520194118,2,"#5E4FA2","1139,Masculino,raza5,sabor3"
4.61757522846109,-74.0689551430118,2,"#5E4FA2","1140,Masculino,raza2,sabor5"
4.64507063879718,-74.0901214106996,2,"#5E4FA2","1142,Masculino,raza2,sabor5"
4.68314633892869,-74.1061094208241,2,"#5E4FA2","1144,Masculino,raza1,sabor5"
0,0,2,"#9E0142","1145,Femenino,raza7,sabor2"
4.62969689964864,-74.072622191758,2,"#9E0142","1146,Femenino,raza3,sabor3"
4.60433698123658,-74.1490930059935,2,"#9E0142","1147,Femenino,raza4,sabor1"
0,0,2,"#5E4FA2","1152,Masculino,raza10,sabor3"
4.61058439745827,-74.1453587242616,2,"#5E4FA2","1155,Masculino,raza4,sabor5"
4.71567921488562,-74.0601106048991,2,"#9E0142","1156,Femenino,raza10,sabor2"
4.67545083644375,-74.1101036526737,2,"#9E0142","1157,Femenino,raza8,sabor4"
4.75229200950708,-74.0534920111111,2,"#9E0142","1158,Femenino,raza2,sabor3"
4.6678308439049,-74.0768476543625,2,"#5E4FA2","1160,Masculino,raza4,sabor2"
4.67421317707386,-74.1220635204589,2,"#9E0142","1163,Femenino,raza8,sabor4"
4.62796107376334,-74.0743468949901,2,"#9E0142","1171,Femenino,raza3,sabor3"
4.68114371146049,-74.0473077068216,2,"#9E0142","1173,Femenino,raza5,sabor2"
4.59626538534387,-74.0693690743467,2,"#9E0142","1174,Femenino,raza10,sabor2"
4.60241854195537,-74.0650854410988,2,"#9E0142","1175,Femenino,raza4,sabor3"
4.71777392181606,-74.114048287676,2,"#5E4FA2","1177,Masculino,raza3,sabor4"
0,0,2,"#5E4FA2","1179,Masculino,raza5,sabor1"
4.6165069216738,-74.1466844280645,2,"#9E0142","1180,Femenino,raza8,sabor5"
4.6384872891078,-74.0733254240106,2,"#9E0142","1183,Femenino,raza8,sabor5"
4.65611300859785,-74.1178424276597,2,"#5E4FA2","1185,Masculino,raza4,sabor5"
4.6640845666239,-74.0833100128646,2,"#9E0142","1186,Femenino,raza2,sabor1"
4.64979509431528,-74.0702552069611,2,"#9E0142","1191,Femenino,raza3,sabor3"
4.64654641301239,-74.098807989684,2,"#5E4FA2","1192,Masculino,raza7,sabor5"
4.66625265223349,-74.152711604583,2,"#9E0142","1194,Femenino,raza8,sabor5"
4.64305428241619,-74.1290727033431,2,"#9E0142","1196,Femenino,raza10,sabor2"
4.6036582873054,-74.1788362908162,2,"#9E0142","1197,Femenino,raza4,sabor2"
4.63651877115471,-74.1394827078858,2,"#5E4FA2","1201,Masculino,raza4,sabor3"
4.6923339374427,-74.046175768085,2,"#9E0142","1203,Femenino,raza8,sabor2"
4.65567074867083,-74.1051878110096,2,"#9E0142","1208,Femenino,raza2,sabor5"
4.59516363955519,-74.1163425455728,2,"#5E4FA2","1209,Masculino,raza3,sabor5"
4.56989011780837,-74.1573394262829,2,"#9E0142","1213,Femenino,raza7,sabor5"
0,0,2,"#5E4FA2","1215,Masculino,raza7,sabor1"
4.76114544854228,-74.0357883548279,2,"#5E4FA2","1217,Masculino,raza6,sabor1"
4.70874787137376,-74.0594933734858,2,"#5E4FA2","1220,Masculino,raza6,sabor3"
4.7406846481304,-74.0446456869155,2,"#5E4FA2","1221,Masculino,raza9,sabor3"
4.75086350400357,-74.0922034236103,2,"#5E4FA2","1222,Masculino,raza9,sabor4"
4.66329748524799,-74.048259389249,2,"#9E0142","1226,Femenino,raza1,sabor3"
4.58805945072559,-74.0891605730545,2,"#9E0142","1227,Femenino,raza2,sabor5"
4.64768291685371,-74.0580833623472,2,"#5E4FA2","1228,Masculino,raza5,sabor4"
4.63491378985525,-74.0645779010054,2,"#9E0142","1229,Femenino,raza7,sabor2"
4.64567091894649,-74.1062199429643,2,"#9E0142","1231,Femenino,raza6,sabor1"
4.71061387157116,-74.1164799692423,2,"#5E4FA2","1232,Masculino,raza8,sabor4"
4.61611921312755,-74.1278376796236,2,"#9E0142","1236,Femenino,raza9,sabor4"
4.68405513722867,-74.0565219315058,2,"#9E0142","1239,Femenino,raza4,sabor3"
4.7341679645563,-74.0559803391934,2,"#9E0142","1241,Femenino,raza8,sabor3"
4.70036957478578,-74.1308046201213,2,"#9E0142","1242,Femenino,raza9,sabor1"
4.69031922863325,-74.0401950225188,2,"#5E4FA2","1244,Masculino,raza9,sabor2"
0,0,2,"#9E0142","1245,Femenino,raza4,sabor5"
4.73360820788236,-74.0580317989249,2,"#5E4FA2","1248,Masculino,raza5,sabor3"
4.70388118071867,-74.0530606142354,2,"#9E0142","1250,Femenino,raza3,sabor3"
4.50108162320882,-74.1070607058353,2,"#5E4FA2","1253,Masculino,raza7,sabor1"
0,0,2,"#5E4FA2","1256,Masculino,raza1,sabor2"
4.74086442287589,-74.0353535178767,2,"#5E4FA2","1259,Masculino,raza4,sabor4"
4.64236523189489,-74.1347809962335,2,"#5E4FA2","1263,Masculino,raza3,sabor3"
0,0,2,"#5E4FA2","1264,Masculino,raza1,sabor2"
4.68901527049282,-74.0727518221786,2,"#5E4FA2","1266,Masculino,raza9,sabor2"
4.67990341106035,-74.0456177657832,2,"#9E0142","1268,Femenino,raza6,sabor5"
4.72906984621632,-74.0549514092882,2,"#5E4FA2","1274,Masculino,raza5,sabor4"
0,0,2,"#9E0142","1275,Femenino,raza3,sabor1"
4.65816298093899,-74.071674266459,2,"#5E4FA2","1280,Masculino,raza9,sabor1"
4.6719689881297,-74.0506185884446,2,"#9E0142","1281,Femenino,raza4,sabor4"
4.62121431289277,-74.10525191225,2,"#5E4FA2","1282,Masculino,raza3,sabor2"
4.61184715385388,-74.1614053637275,2,"#5E4FA2","1283,Masculino,raza6,sabor5"
4.72820072554879,-74.0641921188806,2,"#9E0142","1284,Femenino,raza2,sabor2"
4.60591536212752,-74.1063414887615,2,"#5E4FA2","1286,Masculino,raza2,sabor5"
4.73968477214562,-74.045028586155,2,"#9E0142","1287,Femenino,raza2,sabor5"
4.68258254236771,-74.0506704381499,2,"#5E4FA2","1288,Masculino,raza10,sabor1"
4.66957699535597,-74.1244320451689,2,"#9E0142","1289,Femenino,raza2,sabor3"
4.65003482490021,-74.0569469417182,2,"#9E0142","1291,Femenino,raza3,sabor3"
4.68521670549756,-74.1459906256008,2,"#9E0142","1292,Femenino,raza6,sabor3"
4.73728798774516,-74.0520150963835,2,"#5E4FA2","1294,Masculino,raza5,sabor2"
4.6180237288786,-74.1727948152516,2,"#9E0142","1295,Femenino,raza4,sabor4"
4.57333881365753,-74.1280949608391,2,"#9E0142","1297,Femenino,raza2,sabor5"
4.61019689526819,-74.111102132399,2,"#9E0142","1299,Femenino,raza8,sabor1"
4.72677351381138,-74.0265919356457,2,"#5E4FA2","1305,Masculino,raza10,sabor4"
4.59867787203822,-74.0737661090635,2,"#5E4FA2","1309,Masculino,raza8,sabor1"
0,0,2,"#5E4FA2","1310,Masculino,raza2,sabor2"
4.61976631461428,-74.1302810589377,2,"#5E4FA2","1311,Masculino,raza6,sabor5"
4.68219690663,-74.0617120090341,2,"#9E0142","1314,Femenino,raza2,sabor2"
4.75357995449993,-74.1027267373521,2,"#9E0142","1318,Femenino,raza4,sabor4"
4.59297140191254,-74.1067165515524,2,"#9E0142","1320,Femenino,raza6,sabor3"
4.66767224020389,-74.0621887580979,2,"#9E0142","1321,Femenino,raza6,sabor1"
4.75257676663375,-74.0984845455257,2,"#5E4FA2","1322,Masculino,raza6,sabor5"
4.75429455510157,-74.107192353351,2,"#9E0142","1323,Femenino,raza3,sabor1"
4.61400254912279,-74.1486439573001,2,"#5E4FA2","1324,Masculino,raza4,sabor3"
4.70739302611534,-74.0694314921153,2,"#9E0142","1325,Femenino,raza10,sabor3"
4.59372940788273,-74.1638233578534,2,"#9E0142","1326,Femenino,raza5,sabor2"
0,0,2,"#9E0142","1328,Femenino,raza2,sabor2"
4.72912916077612,-74.0991116700659,2,"#9E0142","1329,Femenino,raza2,sabor3"
4.61480777386646,-74.1732014764083,2,"#5E4FA2","1330,Masculino,raza7,sabor3"
4.64188191640479,-74.0879260843264,2,"#9E0142","1334,Femenino,raza3,sabor1"
4.63151411066763,-74.0633734532037,2,"#9E0142","1335,Femenino,raza6,sabor4"
4.67373517906521,-74.0547313955792,2,"#9E0142","1340,Femenino,raza4,sabor4"
4.64447941840754,-74.100502598865,2,"#5E4FA2","1341,Masculino,raza8,sabor2"
4.73430139128986,-74.0558492634714,2,"#5E4FA2","1342,Masculino,raza7,sabor5"
4.6640845666239,-74.0833100128646,2,"#9E0142","1348,Femenino,raza1,sabor5"
4.70094045850217,-74.0512736836432,2,"#9E0142","1349,Femenino,raza2,sabor1"
4.66914751538246,-74.0848652822399,2,"#5E4FA2","1354,Masculino,raza2,sabor1"
4.63584787978776,-74.0716780642362,2,"#5E4FA2","1359,Masculino,raza4,sabor4"
4.75361418413848,-74.100511580582,2,"#5E4FA2","1360,Masculino,raza5,sabor5"
4.59901756372538,-74.0997147810074,2,"#9E0142","1361,Femenino,raza2,sabor5"
4.64560300731347,-74.0868054043993,2,"#5E4FA2","1362,Masculino,raza10,sabor1"
4.69101526392471,-74.0417432926501,2,"#5E4FA2","1363,Masculino,raza2,sabor3"
4.66438068470603,-74.072168297971,2,"#5E4FA2","1365,Masculino,raza7,sabor1"
4.70334968353965,-74.0483257605413,2,"#5E4FA2","1372,Masculino,raza2,sabor3"
4.64108418719606,-74.1017531551189,2,"#5E4FA2","1379,Masculino,raza10,sabor5"
4.70506941995175,-74.0690983031364,2,"#5E4FA2","1387,Masculino,raza3,sabor5"
4.7447112701929,-74.036326691788,2,"#5E4FA2","1389,Masculino,raza2,sabor4"
4.65870906326557,-74.0607930755779,2,"#5E4FA2","1390,Masculino,raza1,sabor2"
10.9956305445262,-74.7972281389175,2,"#5E4FA2","1391,Masculino,raza5,sabor1"
4.66289007359049,-74.0547503000601,2,"#5E4FA2","1395,Masculino,raza1,sabor5"
4.60839095192133,-74.1169049036609,2,"#5E4FA2","1396,Masculino,raza5,sabor2"
4.67810995145315,-74.0401578557704,2,"#9E0142","1398,Femenino,raza5,sabor4"
4.64225739114622,-74.0676692050119,2,"#9E0142","1402,Femenino,raza1,sabor5"
4.72394044064678,-74.0683706490939,2,"#9E0142","1403,Femenino,raza10,sabor5"
4.67782892503464,-74.0635928205522,2,"#5E4FA2","1404,Masculino,raza7,sabor1"
4.7457350331144,-74.0912859444951,2,"#5E4FA2","1411,Masculino,raza3,sabor1"
4.68625909793071,-74.043864384414,2,"#9E0142","1416,Femenino,raza2,sabor1"
4.71215655497695,-74.0475362700046,2,"#5E4FA2","1418,Masculino,raza5,sabor1"
4.61930958588082,-74.0694444734014,2,"#9E0142","1423,Femenino,raza4,sabor3"
4.74835791726428,-74.0494857812619,2,"#5E4FA2","1424,Masculino,raza5,sabor4"
4.76039021033932,-74.038422234109,2,"#5E4FA2","1426,Masculino,raza10,sabor2"
4.76039021033932,-74.038422234109,2,"#9E0142","1427,Femenino,raza6,sabor1"
4.61419802306426,-74.0661840798889,2,"#5E4FA2","1428,Masculino,raza8,sabor3"
4.68105678716161,-74.0540133220252,2,"#9E0142","1432,Femenino,raza7,sabor5"
4.68213950408531,-74.0774301502137,2,"#9E0142","1435,Femenino,raza3,sabor2"
4.6600714969881,-74.1093325175829,2,"#9E0142","1436,Femenino,raza1,sabor3"
4.66662050866765,-74.1419690103773,2,"#9E0142","1437,Femenino,raza2,sabor2"
4.69255812768467,-74.0383228309975,2,"#5E4FA2","1438,Masculino,raza2,sabor1"
4.75108314768801,-74.0668044369745,2,"#5E4FA2","1439,Masculino,raza3,sabor1"
4.64411506610827,-74.0854746864626,2,"#9E0142","1441,Femenino,raza5,sabor3"
4.7469913814702,-74.035787031236,2,"#9E0142","1442,Femenino,raza2,sabor1"
4.56534969474185,-74.1453408951956,2,"#9E0142","1443,Femenino,raza3,sabor5"
4.61188051053706,-74.0952069551543,2,"#5E4FA2","1449,Masculino,raza9,sabor3"
4.65138603897131,-74.0500622311943,2,"#9E0142","1451,Femenino,raza7,sabor1"
4.73209020172423,-74.0974582371595,2,"#9E0142","1452,Femenino,raza6,sabor2"
4.66833060063995,-74.0499080029672,2,"#5E4FA2","1453,Masculino,raza6,sabor5"
4.59886404849109,-74.0812962258842,2,"#5E4FA2","1454,Masculino,raza8,sabor3"
4.68106596963456,-74.0473463776301,2,"#9E0142","1455,Femenino,raza1,sabor4"
4.62338462632227,-74.1538679001795,2,"#9E0142","1456,Femenino,raza9,sabor1"
4.59338763506365,-74.0768825335719,2,"#5E4FA2","1457,Masculino,raza7,sabor1"
4.70255294308341,-74.0565389638074,2,"#9E0142","1458,Femenino,raza8,sabor4"
4.71406496005382,-74.031367548661,2,"#9E0142","1459,Femenino,raza4,sabor4"
4.60149346988719,-74.0708517087367,2,"#9E0142","1460,Femenino,raza6,sabor3"
4.70388730329562,-74.0991641964281,2,"#5E4FA2","1462,Masculino,raza10,sabor2"
4.73731026284571,-74.1063532780963,2,"#5E4FA2","1465,Masculino,raza1,sabor2"
4.62345568799024,-74.1610057879534,2,"#5E4FA2","1466,Masculino,raza7,sabor3"
0,0,2,"#5E4FA2","1467,Masculino,raza10,sabor4"
4.66957699535597,-74.1244320451689,2,"#5E4FA2","1470,Masculino,raza9,sabor3"
4.7206901905429,-74.037236847325,2,"#5E4FA2","1471,Masculino,raza1,sabor3"
4.59635896017617,-74.0763038025449,2,"#5E4FA2","1472,Masculino,raza9,sabor4"
0,0,2,"#5E4FA2","1473,Masculino,raza1,sabor2"
4.58060059653413,-74.1094521589547,2,"#5E4FA2","1474,Masculino,raza6,sabor3"
0,0,2,"#5E4FA2","1476,Masculino,raza9,sabor5"
4.72300895973882,-74.0235730278578,2,"#5E4FA2","1482,Masculino,raza10,sabor1"
4.66725618170683,-74.1192720820808,2,"#9E0142","1483,Femenino,raza8,sabor2"
4.56738310891088,-74.147345806694,2,"#9E0142","1484,Femenino,raza8,sabor5"
4.58448962061286,-74.0840239087151,2,"#9E0142","1486,Femenino,raza6,sabor4"
4.67708610205446,-74.0440228702645,2,"#9E0142","1490,Femenino,raza6,sabor3"
4.69227449548361,-74.0518045243389,2,"#5E4FA2","1491,Masculino,raza3,sabor2"
4.61430843965079,-74.0647990853506,2,"#9E0142","1492,Femenino,raza5,sabor5"
4.64307961078658,-74.086763973693,2,"#5E4FA2","1494,Masculino,raza4,sabor1"
4.69538114542445,-74.0613083853528,2,"#5E4FA2","1495,Masculino,raza9,sabor2"
4.6912499859691,-74.068414769347,2,"#5E4FA2","1497,Masculino,raza1,sabor5"
4.63528937240747,-74.0961890072796,2,"#9E0142","1500,Femenino,raza4,sabor3"
4.66343321419127,-74.123824831529,2,"#5E4FA2","1501,Masculino,raza9,sabor1"
4.72363970561636,-74.0274885090878,2,"#5E4FA2","1502,Masculino,raza8,sabor1"
4.60808260233349,-74.1203821965441,2,"#5E4FA2","1503,Masculino,raza9,sabor5"
4.62027708534212,-74.1385452921528,2,"#5E4FA2","1507,Masculino,raza2,sabor1"
4.59333638683426,-74.0943114673064,2,"#5E4FA2","1508,Masculino,raza10,sabor1"
4.63013347404942,-74.1088191164061,2,"#5E4FA2","1510,Masculino,raza4,sabor1"
4.60446178210578,-74.1135672338567,2,"#9E0142","1520,Femenino,raza7,sabor1"
4.70114707688463,-74.0904981350409,2,"#5E4FA2","1521,Masculino,raza9,sabor4"
4.66172410060593,-74.1087523004466,2,"#9E0142","1522,Femenino,raza10,sabor4"
4.72255116413841,-74.130274736708,2,"#9E0142","1524,Femenino,raza4,sabor2"
0,0,2,"#5E4FA2","1526,Masculino,raza2,sabor1"
4.69317047837008,-74.069884745241,2,"#9E0142","1527,Femenino,raza10,sabor1"
0,0,2,"#5E4FA2","1528,Masculino,raza3,sabor1"
4.72479980597113,-74.0632896299204,2,"#5E4FA2","1529,Masculino,raza4,sabor1"
4.70597655422847,-74.1126170519973,2,"#9E0142","1530,Femenino,raza4,sabor3"
4.70583242313984,-74.0425162862539,2,"#9E0142","1531,Femenino,raza10,sabor5"
4.76281538225336,-74.0399607905855,2,"#5E4FA2","1532,Masculino,raza6,sabor4"
4.64278794593429,-74.0599796917929,2,"#5E4FA2","1533,Masculino,raza9,sabor3"
4.67028521278576,-74.0452063598146,2,"#9E0142","1534,Femenino,raza2,sabor2"
4.68112474299429,-74.0436654191232,2,"#9E0142","1536,Femenino,raza8,sabor5"
0,0,2,"#5E4FA2","1537,Masculino,raza2,sabor2"
4.73581560101479,-74.0578080689707,2,"#5E4FA2","1539,Masculino,raza9,sabor5"
4.62424554709925,-74.1407370686294,2,"#5E4FA2","1540,Masculino,raza9,sabor3"
4.62386419947045,-74.1528531035997,2,"#9E0142","1542,Femenino,raza9,sabor1"
4.75329439864454,-74.0424744590352,2,"#9E0142","1545,Femenino,raza1,sabor5"
4.68295931939133,-74.1528316301753,2,"#5E4FA2","1548,Masculino,raza6,sabor4"
4.6807556448264,-74.0481762548263,2,"#5E4FA2","1551,Masculino,raza4,sabor1"
4.69159217331311,-74.0974376815105,2,"#5E4FA2","1554,Masculino,raza3,sabor3"
4.73957737547074,-74.0628734679002,2,"#5E4FA2","1556,Masculino,raza5,sabor5"
4.68891864893884,-74.0359681173701,2,"#9E0142","1557,Femenino,raza5,sabor3"
4.59936805781719,-74.0746279317853,2,"#9E0142","1558,Femenino,raza7,sabor2"
4.60281417973255,-74.1516757171504,2,"#5E4FA2","1559,Masculino,raza8,sabor2"
0,0,2,"#9E0142","1560,Femenino,raza7,sabor4"
4.61488614597324,-74.1130539322422,2,"#5E4FA2","1562,Masculino,raza1,sabor3"
4.76610878892894,-74.0667796443906,2,"#5E4FA2","1563,Masculino,raza1,sabor5"
4.72632722481041,-74.1119967271269,2,"#9E0142","1564,Femenino,raza1,sabor5"
4.75639552968956,-74.0547658246753,2,"#5E4FA2","1565,Masculino,raza9,sabor1"
4.70047579313795,-74.1283902208926,2,"#5E4FA2","1566,Masculino,raza7,sabor4"
4.64694011617547,-74.1033647853059,2,"#9E0142","1568,Femenino,raza9,sabor1"
4.62911079159389,-74.0877836988241,2,"#5E4FA2","1569,Masculino,raza4,sabor5"
4.65924043635221,-74.0578794296413,2,"#5E4FA2","1574,Masculino,raza4,sabor3"
4.59652088231071,-74.0715481558494,2,"#9E0142","1576,Femenino,raza7,sabor1"
4.70360404650351,-74.0524227324146,2,"#9E0142","1577,Femenino,raza6,sabor5"
4.59547360202832,-74.1205064356732,2,"#9E0142","1578,Femenino,raza5,sabor1"
4.66239942594919,-74.1372757774159,2,"#9E0142","1580,Femenino,raza7,sabor2"
0,0,2,"#5E4FA2","1583,Masculino,raza5,sabor1"
4.7065087754863,-74.0911679843758,2,"#5E4FA2","1584,Masculino,raza1,sabor2"
4.71555174652709,-74.0342884843011,2,"#9E0142","1585,Femenino,raza1,sabor1"
4.7410878505663,-74.1076901680616,2,"#9E0142","1591,Femenino,raza4,sabor5"
4.7481445916364,-74.0386749799503,2,"#9E0142","1593,Femenino,raza4,sabor3"
4.68830367607272,-74.1113892344015,2,"#5E4FA2","1594,Masculino,raza10,sabor3"
4.70094045850217,-74.0512736836432,2,"#9E0142","1595,Femenino,raza2,sabor4"
4.64504130211112,-74.0912488774132,2,"#5E4FA2","1596,Masculino,raza2,sabor1"
4.69514851716197,-74.0457652854966,2,"#5E4FA2","1598,Masculino,raza4,sabor5"
4.72880071999646,-74.069414110564,2,"#9E0142","1599,Femenino,raza1,sabor1"
4.72158211594018,-74.1083864860806,2,"#5E4FA2","1600,Masculino,raza3,sabor3"
4.716673128303,-74.0248878778725,2,"#5E4FA2","1603,Masculino,raza6,sabor1"
4.60994786591305,-74.1481929332412,2,"#5E4FA2","1604,Masculino,raza9,sabor4"
4.64717170586607,-74.0572561273009,2,"#5E4FA2","1607,Masculino,raza1,sabor4"
4.62544893739423,-74.0849334424231,2,"#5E4FA2","1608,Masculino,raza1,sabor4"
4.64563357609089,-74.1393321936198,2,"#5E4FA2","1609,Masculino,raza6,sabor5"
4.72645383699584,-74.0980008874142,2,"#5E4FA2","1610,Masculino,raza6,sabor1"
4.71869651563252,-74.1198874276248,2,"#5E4FA2","1612,Masculino,raza5,sabor3"
4.69770063144432,-74.0779320115254,2,"#9E0142","1615,Femenino,raza2,sabor5"
4.65075266052289,-74.0906475877741,2,"#9E0142","1619,Femenino,raza7,sabor2"
0,0,2,"#9E0142","1622,Femenino,raza1,sabor2"
4.70176085701813,-74.0352867048078,2,"#9E0142","1623,Femenino,raza5,sabor1"
4.66175706987683,-74.1328390149621,2,"#5E4FA2","1624,Masculino,raza1,sabor3"
4.75639552968956,-74.0547658246753,2,"#5E4FA2","1625,Masculino,raza10,sabor1"
4.71476192189966,-74.0539666215937,2,"#5E4FA2","1626,Masculino,raza10,sabor4"
4.66561837740299,-74.0671348892653,2,"#5E4FA2","1628,Masculino,raza10,sabor5"
4.62279484362282,-74.1436572057753,2,"#5E4FA2","1632,Masculino,raza7,sabor2"
4.70259427140431,-74.0428450661175,2,"#9E0142","1634,Femenino,raza9,sabor5"
4.75696977115396,-74.1010181734534,2,"#9E0142","1635,Femenino,raza2,sabor1"
4.64302433257089,-74.1292017958589,2,"#5E4FA2","1636,Masculino,raza10,sabor2"
4.6715251258819,-74.1114012505336,2,"#5E4FA2","1639,Masculino,raza7,sabor3"
4.67170026024042,-74.0545921753099,2,"#9E0142","1641,Femenino,raza3,sabor1"
4.6929435437802,-74.0591259135286,2,"#9E0142","1642,Femenino,raza1,sabor3"
4.58349919196797,-74.0779133757462,2,"#5E4FA2","1643,Masculino,raza7,sabor5"
4.73656669937057,-74.0962709929441,2,"#9E0142","1644,Femenino,raza5,sabor1"
4.62226959593194,-74.0707712540994,2,"#5E4FA2","1645,Masculino,raza2,sabor2"
4.64535146443411,-74.0836913022766,2,"#5E4FA2","1647,Masculino,raza1,sabor4"
4.67196248022689,-74.0941426294089,2,"#9E0142","1649,Femenino,raza4,sabor4"
4.59302389205779,-74.0956686668283,2,"#5E4FA2","1650,Masculino,raza2,sabor1"
4.7365031601712,-74.0849661939829,2,"#5E4FA2","1652,Masculino,raza8,sabor4"
4.61194623951448,-74.0732014503262,2,"#5E4FA2","1654,Masculino,raza6,sabor2"
4.72440757424044,-74.1205579771869,2,"#9E0142","1657,Femenino,raza1,sabor3"
4.63149224872129,-74.0641838588943,2,"#9E0142","1660,Femenino,raza6,sabor2"
4.59127356531187,-74.1657631679815,2,"#5E4FA2","1662,Masculino,raza1,sabor3"
4.6944808004254,-74.069932279072,2,"#9E0142","1663,Femenino,raza7,sabor2"
4.67102307709182,-74.0385806314543,2,"#5E4FA2","1666,Masculino,raza10,sabor2"
4.69372046782845,-74.0334033953841,2,"#5E4FA2","1670,Masculino,raza8,sabor3"
4.72359326272297,-74.0643472652511,2,"#9E0142","1671,Femenino,raza7,sabor1"
4.6355526608575,-74.0961867654809,2,"#5E4FA2","1673,Masculino,raza10,sabor1"
4.65250449959637,-74.0597804904409,2,"#9E0142","1676,Femenino,raza2,sabor3"
4.70367575608602,-74.0289932269871,2,"#5E4FA2","1677,Masculino,raza5,sabor5"
4.74779569354378,-74.0687968122299,2,"#5E4FA2","1679,Masculino,raza10,sabor5"
4.73509353977587,-74.0511350304866,2,"#5E4FA2","1680,Masculino,raza1,sabor5"
4.64330243772182,-74.0789868424916,2,"#9E0142","1681,Femenino,raza9,sabor4"
0,0,2,"#9E0142","1684,Femenino,raza2,sabor5"
0,0,2,"#5E4FA2","1685,Masculino,raza9,sabor5"
4.74362085916481,-74.0630561642575,2,"#9E0142","1687,Femenino,raza4,sabor5"
4.63005159811881,-74.149982580833,2,"#5E4FA2","1688,Masculino,raza7,sabor4"
4.59940955642263,-74.0708264083406,2,"#5E4FA2","1689,Masculino,raza8,sabor4"
4.65363556989369,-74.1582790265118,2,"#9E0142","1690,Femenino,raza3,sabor5"
4.72707220025985,-74.040402824993,2,"#5E4FA2","1694,Masculino,raza6,sabor5"
0,0,2,"#9E0142","1696,Femenino,raza2,sabor5"
4.62135817834174,-74.1411357030027,2,"#9E0142","1697,Femenino,raza8,sabor5"
4.64003542812756,-74.1007733604787,2,"#5E4FA2","1698,Masculino,raza2,sabor2"
4.71174619521199,-74.1354327551313,2,"#9E0142","1699,Femenino,raza3,sabor4"
4.59436457048344,-74.0768977124108,2,"#9E0142","1704,Femenino,raza8,sabor2"
0,0,2,"#5E4FA2","1705,Masculino,raza1,sabor5"
4.62754210793524,-74.1422536565254,2,"#5E4FA2","1712,Masculino,raza3,sabor4"
4.6799841928458,-74.0625425500955,2,"#5E4FA2","1714,Masculino,raza5,sabor1"
4.61320569883525,-74.1446113836812,2,"#9E0142","1715,Femenino,raza6,sabor2"
0,0,2,"#5E4FA2","1717,Masculino,raza6,sabor5"
4.72244271220444,-74.0474837673764,2,"#9E0142","1719,Femenino,raza5,sabor5"
0,0,2,"#5E4FA2","1720,Masculino,raza5,sabor5"
4.7027065745512,-74.1176846593832,2,"#5E4FA2","1721,Masculino,raza8,sabor3"
4.69549763782158,-74.0520487755911,2,"#9E0142","1723,Femenino,raza6,sabor3"
4.73437762198773,-74.1034280802959,2,"#5E4FA2","1724,Masculino,raza7,sabor4"
4.70356122619412,-74.0693116656844,2,"#5E4FA2","1726,Masculino,raza9,sabor3"
4.6125994428578,-74.0819268881177,2,"#9E0142","1727,Femenino,raza4,sabor3"
4.72524401542549,-74.0419396038955,2,"#5E4FA2","1729,Masculino,raza9,sabor4"
4.67603624926964,-74.0485145908499,2,"#5E4FA2","1730,Masculino,raza6,sabor1"
4.67152151140307,-74.0621355511606,2,"#5E4FA2","1732,Masculino,raza10,sabor5"
4.63170395593867,-74.0787673647372,2,"#5E4FA2","1737,Masculino,raza5,sabor3"
4.74285472917161,-74.0571002403275,2,"#9E0142","1739,Femenino,raza1,sabor1"
4.63508540921886,-74.1186105331561,2,"#5E4FA2","1740,Masculino,raza1,sabor5"
4.70111128219478,-74.0396175786632,2,"#9E0142","1741,Femenino,raza3,sabor1"
4.65098148810401,-74.1108862775068,2,"#9E0142","1742,Femenino,raza6,sabor5"
4.75021515304931,-74.0624799327993,2,"#9E0142","1743,Femenino,raza3,sabor3"
4.69040008050414,-74.0414986966791,2,"#5E4FA2","1744,Masculino,raza6,sabor2"
4.6147552467369,-74.1588906261622,2,"#5E4FA2","1745,Masculino,raza2,sabor3"
0,0,2,"#9E0142","1746,Femenino,raza3,sabor3"
4.67496198219289,-74.1030224992696,2,"#9E0142","1747,Femenino,raza9,sabor5"
4.66620545510317,-74.0699875574083,2,"#9E0142","1748,Femenino,raza7,sabor4"
4.6636933522642,-74.0562314904543,2,"#9E0142","1749,Femenino,raza5,sabor4"
4.73494725104353,-74.0525647071973,2,"#5E4FA2","1750,Masculino,raza10,sabor3"
4.57605655585209,-74.1290642018198,2,"#5E4FA2","1751,Masculino,raza1,sabor4"
4.63115182824709,-74.0789426851635,2,"#9E0142","1755,Femenino,raza10,sabor2"
4.74732257037349,-74.0380922024555,2,"#9E0142","1756,Femenino,raza9,sabor1"
0,0,2,"#5E4FA2","1757,Masculino,raza5,sabor1"
4.69024557789008,-74.0485665474062,2,"#9E0142","1758,Femenino,raza2,sabor2"
4.68979319351761,-74.0522672813368,2,"#5E4FA2","1759,Masculino,raza6,sabor2"
4.63129060286297,-74.078750353109,2,"#9E0142","1764,Femenino,raza3,sabor3"
4.62057425925494,-74.0937872203178,2,"#5E4FA2","1770,Masculino,raza5,sabor1"
4.60527323024271,-74.1264488306124,2,"#9E0142","1771,Femenino,raza6,sabor4"
0,0,2,"#9E0142","1773,Femenino,raza3,sabor5"
4.62223828011838,-74.0747358734773,2,"#5E4FA2","1774,Masculino,raza3,sabor2"
4.74724233820938,-74.0653995440481,2,"#5E4FA2","1775,Masculino,raza5,sabor1"
4.59254129577827,-74.157135103065,2,"#5E4FA2","1776,Masculino,raza1,sabor2"
11.0000105988432,-74.8304614641065,2,"#9E0142","1777,Femenino,raza2,sabor4"
4.67651852654317,-74.0567085918424,2,"#9E0142","1779,Femenino,raza5,sabor2"
4.65359495148079,-74.0854003651483,2,"#5E4FA2","1782,Masculino,raza4,sabor3"
4.64892677580049,-74.0706664890702,2,"#5E4FA2","1783,Masculino,raza3,sabor4"
0,0,2,"#9E0142","1784,Femenino,raza6,sabor4"
4.74459713342357,-74.0857015661571,2,"#5E4FA2","1786,Masculino,raza1,sabor5"
4.72887134934001,-74.0285701008669,2,"#9E0142","1790,Femenino,raza2,sabor4"
3.44912334966138,-76.5374294636696,2,"#9E0142","1791,Femenino,raza6,sabor1"
0,0,2,"#5E4FA2","1792,Masculino,raza8,sabor5"
4.69574804620738,-74.062700681787,2,"#5E4FA2","1793,Masculino,raza5,sabor3"
4.75838805001347,-74.0998539447682,2,"#5E4FA2","1795,Masculino,raza5,sabor1"
4.71712262789999,-74.1164590255581,2,"#5E4FA2","1796,Masculino,raza4,sabor5"
4.73394740778378,-74.0871996393695,2,"#9E0142","1797,Femenino,raza6,sabor4"
0,0,2,"#9E0142","1798,Femenino,raza9,sabor4"
4.61557307900055,-74.1721178283693,2,"#9E0142","1799,Femenino,raza7,sabor2"
4.63131981814392,-74.0634238083902,2,"#5E4FA2","1801,Masculino,raza6,sabor2"
3.48702448853733,-76.5307211027965,2,"#9E0142","1802,Femenino,raza8,sabor4"
4.69517660817985,-74.0823817510082,2,"#5E4FA2","1803,Masculino,raza8,sabor1"
4.67872748865488,-74.042096111524,2,"#9E0142","1805,Femenino,raza6,sabor1"
4.76026199624333,-74.0380260767105,2,"#9E0142","1806,Femenino,raza10,sabor3"
4.69333922250671,-74.0989095044468,2,"#9E0142","1807,Femenino,raza9,sabor2"
4.72366968857226,-74.0261780772307,2,"#5E4FA2","1808,Masculino,raza4,sabor3"
4.62180259080522,-74.1246354365511,2,"#5E4FA2","1809,Masculino,raza1,sabor5"
4.65653257124873,-74.051844725879,2,"#5E4FA2","1810,Masculino,raza10,sabor4"
4.76726358847073,-74.0468711906071,2,"#9E0142","1812,Femenino,raza9,sabor3"
4.59788907274279,-74.1634221218522,2,"#5E4FA2","1813,Masculino,raza9,sabor5"
4.56598431514209,-74.1288298576753,2,"#9E0142","1814,Femenino,raza7,sabor4"
4.67603295901015,-74.0785112216554,2,"#5E4FA2","1818,Masculino,raza6,sabor4"
4.6149661411926,-74.1144570005381,2,"#5E4FA2","1819,Masculino,raza6,sabor4"
4.63022540596916,-74.0686012144343,2,"#9E0142","1822,Femenino,raza10,sabor3"
4.65733058934942,-74.106243690802,2,"#9E0142","1823,Femenino,raza6,sabor5"
4.71705802882252,-74.1166610667008,2,"#9E0142","1826,Femenino,raza10,sabor2"
4.73060684799716,-74.0307547315361,2,"#5E4FA2","1829,Masculino,raza7,sabor1"
4.60629680331284,-74.0893704012654,2,"#5E4FA2","1830,Masculino,raza1,sabor2"
4.74388049155145,-74.0639350654046,2,"#5E4FA2","1831,Masculino,raza6,sabor5"
0,0,2,"#9E0142","1832,Femenino,raza5,sabor3"
4.6696562562547,-74.1380640445579,2,"#9E0142","1833,Femenino,raza3,sabor2"
4.5895809178739,-74.0948706674588,2,"#9E0142","1836,Femenino,raza5,sabor1"
0,0,2,"#9E0142","1837,Femenino,raza5,sabor1"
4.73773938046177,-74.0889022405238,2,"#5E4FA2","1838,Masculino,raza1,sabor2"
0,0,2,"#9E0142","1840,Femenino,raza10,sabor5"
0,0,2,"#5E4FA2","1842,Masculino,raza6,sabor4"
4.69973638486697,-74.1178898868791,2,"#9E0142","1843,Femenino,raza5,sabor4"
4.68373878023178,-74.0458789650426,2,"#5E4FA2","1845,Masculino,raza2,sabor4"
0,0,2,"#5E4FA2","1851,Masculino,raza8,sabor5"
4.74388049155145,-74.0639350654046,2,"#9E0142","1852,Femenino,raza3,sabor1"
4.5390828009298,-74.1421391649959,2,"#9E0142","1853,Femenino,raza8,sabor4"
4.60255129978987,-74.0835915275577,2,"#5E4FA2","1854,Masculino,raza2,sabor4"
4.71023448535469,-74.066526780063,2,"#9E0142","1855,Femenino,raza3,sabor5"
0,0,2,"#9E0142","1856,Femenino,raza1,sabor4"
4.64102026026327,-74.0762563819345,2,"#5E4FA2","1857,Masculino,raza10,sabor1"
4.67049448573322,-74.0449028421065,2,"#9E0142","1861,Femenino,raza2,sabor4"
4.6603713047868,-74.1196486485069,2,"#5E4FA2","1863,Masculino,raza3,sabor5"
4.67368395350511,-74.059349179269,2,"#9E0142","1864,Femenino,raza2,sabor1"
4.74049307472039,-74.0339946616308,2,"#9E0142","1865,Femenino,raza6,sabor1"
0,0,2,"#9E0142","1867,Femenino,raza7,sabor4"
4.73452232714573,-74.0593664325653,2,"#5E4FA2","1868,Masculino,raza6,sabor5"
4.69464443092551,-74.0800466726996,2,"#5E4FA2","1869,Masculino,raza4,sabor1"
4.64831315628867,-74.054686347059,2,"#9E0142","1871,Femenino,raza5,sabor3"
4.75315311970376,-74.0826726517867,2,"#5E4FA2","1872,Masculino,raza4,sabor5"
3.43644529038018,-76.5010068105861,2,"#9E0142","1873,Femenino,raza9,sabor1"
4.62683293209848,-74.1465635423118,2,"#5E4FA2","1874,Masculino,raza1,sabor3"
4.70618135675246,-74.0365206377353,2,"#5E4FA2","1875,Masculino,raza10,sabor1"
4.76523670963094,-74.045895931541,2,"#9E0142","1876,Femenino,raza7,sabor2"
4.67882300568849,-74.0535500085835,2,"#9E0142","1877,Femenino,raza4,sabor1"
4.67020499281689,-74.1297698588601,2,"#5E4FA2","1880,Masculino,raza9,sabor4"
4.69589200499643,-74.1073088800386,2,"#5E4FA2","1887,Masculino,raza1,sabor4"
4.65028631273853,-74.1638627661644,2,"#5E4FA2","1888,Masculino,raza7,sabor3"
0,0,2,"#9E0142","1900,Femenino,raza4,sabor1"
4.69858032407224,-74.0706919446721,2,"#5E4FA2","1901,Masculino,raza3,sabor5"
4.76453283470779,-74.0377600485781,2,"#9E0142","1905,Femenino,raza1,sabor5"
4.72259892058592,-74.1189672481963,2,"#5E4FA2","1906,Masculino,raza1,sabor4"
4.71895031331497,-74.1247384877531,2,"#9E0142","1907,Femenino,raza10,sabor5"
4.63220098457554,-74.1040659860515,2,"#5E4FA2","1908,Masculino,raza1,sabor3"
4.70811933697699,-74.0341006158352,2,"#9E0142","1909,Femenino,raza9,sabor4"
4.60501975464035,-74.0669694030581,2,"#9E0142","1910,Femenino,raza8,sabor3"
4.7170759543704,-74.0293807527436,2,"#5E4FA2","1912,Masculino,raza9,sabor2"
4.71052744285635,-74.1436354662123,2,"#5E4FA2","1913,Masculino,raza3,sabor3"
4.73263240042012,-74.0849780569965,2,"#5E4FA2","1915,Masculino,raza4,sabor4"
0,0,2,"#9E0142","1916,Femenino,raza1,sabor5"
4.73263863760709,-74.0538578007089,2,"#9E0142","1925,Femenino,raza3,sabor4"
4.64797448567942,-74.1657013973074,2,"#9E0142","1927,Femenino,raza5,sabor5"
4.59703626853395,-74.1031285024534,2,"#9E0142","1928,Femenino,raza4,sabor2"
4.62056720709973,-74.1644133819161,2,"#9E0142","1929,Femenino,raza3,sabor5"
4.66908195209044,-74.1116135118347,2,"#9E0142","1930,Femenino,raza3,sabor2"
4.58793382432289,-74.0749180609255,2,"#5E4FA2","1931,Masculino,raza9,sabor1"
4.64491373703391,-74.1263427741323,2,"#9E0142","1932,Femenino,raza4,sabor4"
4.73831197462002,-74.073592102994,2,"#5E4FA2","1935,Masculino,raza1,sabor1"
4.69580764696084,-74.062700075397,2,"#9E0142","1936,Femenino,raza7,sabor1"
4.70243949582951,-74.0558660984158,2,"#9E0142","1937,Femenino,raza10,sabor2"
0,0,2,"#9E0142","1938,Femenino,raza6,sabor3"
0,0,2,"#5E4FA2","1941,Masculino,raza10,sabor3"
4.55943404855847,-74.0826216426819,2,"#9E0142","1946,Femenino,raza6,sabor4"
4.70160410618639,-74.0944784983057,2,"#5E4FA2","1948,Masculino,raza6,sabor2"
4.72714651795813,-74.1125641732575,2,"#9E0142","1949,Femenino,raza6,sabor2"
4.73140602891038,-74.0896252240539,2,"#5E4FA2","1950,Masculino,raza1,sabor4"
4.75017916832636,-74.0482162802584,2,"#5E4FA2","1957,Masculino,raza2,sabor2"
4.74632641648946,-74.0319103385221,2,"#5E4FA2","1960,Masculino,raza6,sabor4"
0,0,2,"#5E4FA2","1963,Masculino,raza2,sabor1"
4.6921813393513,-74.0520241544072,2,"#5E4FA2","1964,Masculino,raza5,sabor3"
4.7353510103811,-74.0600440511513,2,"#5E4FA2","1965,Masculino,raza7,sabor5"
4.72629683914622,-74.0373348886877,2,"#9E0142","1967,Femenino,raza10,sabor4"
4.58717023850449,-74.0721002062647,2,"#9E0142","1969,Femenino,raza8,sabor1"
4.53374482592416,-74.0842897089226,2,"#9E0142","1970,Femenino,raza2,sabor1"
4.72440808952234,-74.0640831978885,2,"#9E0142","1971,Femenino,raza7,sabor5"
4.68003472235366,-74.1413873258288,2,"#5E4FA2","1972,Masculino,raza10,sabor3"
4.75225768271273,-74.0990776448742,2,"#9E0142","1976,Femenino,raza9,sabor1"
4.69597103163773,-74.0833729777949,2,"#9E0142","1977,Femenino,raza4,sabor1"
0,0,2,"#9E0142","1979,Femenino,raza5,sabor5"
4.63554377848364,-74.0765097271698,2,"#9E0142","1980,Femenino,raza6,sabor3"
4.71382272612462,-74.0965679590676,2,"#9E0142","1981,Femenino,raza2,sabor1"
4.749400565308,-74.0510215796815,2,"#5E4FA2","1983,Masculino,raza3,sabor2"
4.60996003726398,-74.1350471224041,2,"#9E0142","1984,Femenino,raza4,sabor2"
4.61618555985156,-74.082146985486,2,"#5E4FA2","1987,Masculino,raza6,sabor5"
4.634154457738,-74.1256363710371,2,"#5E4FA2","1989,Masculino,raza10,sabor5"
4.69359419114269,-74.0607687893883,2,"#9E0142","1990,Femenino,raza8,sabor4"
0,0,2,"#5E4FA2","1991,Masculino,raza1,sabor1"
4.68712504533207,-74.0339594126236,2,"#9E0142","1992,Femenino,raza4,sabor4"
0,0,2,"#5E4FA2","1995,Masculino,raza2,sabor1"
4.70724055665551,-74.0622519499294,2,"#5E4FA2","1996,Masculino,raza8,sabor2"
4.64768291685371,-74.0580833623472,2,"#9E0142","1998,Femenino,raza9,sabor1"
4.67464826747336,-74.0510664766377,2,"#9E0142","1999,Femenino,raza6,sabor4"
4.62460401071233,-74.0862324408085,2,"#9E0142","2004,Femenino,raza7,sabor5"
4.6884051317167,-74.0779952677397,2,"#9E0142","2005,Femenino,raza8,sabor4"
4.6282385615774,-74.084786653244,2,"#9E0142","2007,Femenino,raza5,sabor3"
4.69880190000673,-74.119037930167,2,"#9E0142","2010,Femenino,raza3,sabor5"
0,0,2,"#9E0142","2011,Femenino,raza10,sabor1"
4.73859979511784,-74.0431059472701,2,"#9E0142","2012,Femenino,raza6,sabor1"
4.73140298274499,-74.0303962931938,2,"#5E4FA2","2013,Masculino,raza3,sabor1"
4.67895513164966,-74.0525793086955,2,"#5E4FA2","2014,Masculino,raza9,sabor3"
4.75560835392155,-74.0238617537591,2,"#5E4FA2","2015,Masculino,raza10,sabor1"
4.69378936953931,-74.0460558400382,2,"#5E4FA2","2017,Masculino,raza8,sabor3"
4.61904762807869,-74.1195701479187,2,"#9E0142","2021,Femenino,raza1,sabor3"
4.61019054241823,-74.1729622508724,2,"#9E0142","2025,Femenino,raza3,sabor5"
4.59539320241042,-74.083691522252,2,"#9E0142","2026,Femenino,raza2,sabor4"
4.63462573324253,-74.0966128318396,2,"#9E0142","2027,Femenino,raza7,sabor2"
4.65803056614561,-74.1306409174955,2,"#5E4FA2","2029,Masculino,raza3,sabor3"
4.61692135422249,-74.067065002195,2,"#5E4FA2","2030,Masculino,raza1,sabor3"
4.68036467055615,-74.1163743093201,2,"#9E0142","2032,Femenino,raza3,sabor1"
4.67478436106,-74.0547905478387,2,"#5E4FA2","2033,Masculino,raza7,sabor1"
4.64542773317095,-74.0576376871658,2,"#9E0142","2036,Femenino,raza8,sabor1"
4.70127001468143,-74.0335095746225,2,"#5E4FA2","2038,Masculino,raza9,sabor1"
4.69237902585572,-74.066001752327,2,"#5E4FA2","2039,Masculino,raza4,sabor1"
4.73276789004003,-74.0529415977819,2,"#5E4FA2","2041,Masculino,raza4,sabor4"
4.72987149553698,-74.0357707829454,2,"#5E4FA2","2044,Masculino,raza7,sabor3"
0,0,2,"#9E0142","2045,Femenino,raza10,sabor2"
4.67508917948406,-74.0742790162263,2,"#9E0142","2048,Femenino,raza1,sabor5"
4.73452232714573,-74.0593664325653,2,"#5E4FA2","2050,Masculino,raza10,sabor5"
0,0,2,"#9E0142","2052,Femenino,raza9,sabor2"
4.63083635157761,-74.061834695718,2,"#5E4FA2","2054,Masculino,raza6,sabor3"
0,0,2,"#9E0142","2055,Femenino,raza1,sabor2"
4.67524124602694,-74.1108923542386,2,"#5E4FA2","2058,Masculino,raza2,sabor1"
4.59254901212516,-74.0943508886322,2,"#5E4FA2","2059,Masculino,raza7,sabor1"
4.75703975397659,-74.0491645343695,2,"#5E4FA2","2062,Masculino,raza5,sabor4"
4.57277086084855,-74.0866678085392,2,"#9E0142","2064,Femenino,raza8,sabor1"
4.65309964043981,-74.1087555940378,2,"#5E4FA2","2067,Masculino,raza5,sabor3"
4.60101289870697,-74.1874442694275,2,"#5E4FA2","2068,Masculino,raza3,sabor2"
4.7206901905429,-74.037236847325,2,"#9E0142","2069,Femenino,raza1,sabor1"
4.69900020204708,-74.0985493004272,2,"#5E4FA2","2070,Masculino,raza4,sabor5"
4.62691917952318,-74.0665900323346,2,"#5E4FA2","2072,Masculino,raza9,sabor2"
4.65200104314818,-74.0847964956468,2,"#5E4FA2","2073,Masculino,raza10,sabor2"
0,0,2,"#5E4FA2","2074,Masculino,raza10,sabor4"
4.74771624611471,-74.0648961754909,2,"#5E4FA2","2075,Masculino,raza7,sabor2"
4.68848935908081,-74.0312813469029,2,"#9E0142","2078,Femenino,raza10,sabor2"
4.6582961885742,-74.0706230553801,2,"#5E4FA2","2079,Masculino,raza5,sabor5"
0,0,2,"#9E0142","2082,Femenino,raza5,sabor2"
4.75666361208215,-74.1069022248183,2,"#9E0142","2083,Femenino,raza8,sabor2"
4.57876218198512,-74.1350673963799,2,"#9E0142","2084,Femenino,raza7,sabor4"
4.74884113033287,-74.0900865177034,2,"#5E4FA2","2085,Masculino,raza9,sabor4"
4.65198968587411,-74.0503830032555,2,"#5E4FA2","2086,Masculino,raza5,sabor1"
4.68764901628961,-74.0469257765416,2,"#5E4FA2","2087,Masculino,raza4,sabor2"
4.76214700517775,-74.0351115213133,2,"#9E0142","2089,Femenino,raza9,sabor3"
4.739256265693,-74.0574206919834,2,"#9E0142","2092,Femenino,raza6,sabor2"
4.76712876257674,-74.0442322632288,2,"#5E4FA2","2094,Masculino,raza2,sabor1"
4.62978480730339,-74.0647667758928,2,"#5E4FA2","2096,Masculino,raza10,sabor3"
4.64403796090781,-74.1476053554662,2,"#9E0142","2097,Femenino,raza7,sabor3"
4.67559719072052,-74.1073289825245,2,"#5E4FA2","2098,Masculino,raza1,sabor5"
4.72207530513554,-74.0509179308096,2,"#9E0142","2099,Femenino,raza6,sabor3"
4.74942899433108,-74.0841058399067,2,"#5E4FA2","2101,Masculino,raza10,sabor2"
0,0,2,"#9E0142","2103,Femenino,raza6,sabor3"
4.75430135248661,-74.066948961374,2,"#9E0142","2104,Femenino,raza5,sabor2"
0,0,2,"#5E4FA2","2105,Masculino,raza2,sabor2"
4.71265121216932,-74.118820868579,2,"#5E4FA2","2108,Masculino,raza5,sabor2"
4.65664341653468,-74.0494003557163,2,"#5E4FA2","2109,Masculino,raza6,sabor5"
4.61904170570976,-74.0716748275306,2,"#9E0142","2112,Femenino,raza6,sabor1"
4.69873186162177,-74.0352878910239,2,"#9E0142","2113,Femenino,raza7,sabor5"
4.5823311021878,-74.1214467245627,2,"#5E4FA2","2114,Masculino,raza1,sabor5"
4.67734990358439,-74.0428083341697,2,"#9E0142","2117,Femenino,raza6,sabor2"
4.73804713998493,-74.0285315133274,2,"#5E4FA2","2118,Masculino,raza1,sabor2"
4.65037810170328,-74.054852831285,2,"#9E0142","2119,Femenino,raza5,sabor5"
4.65462609095105,-74.0635710597702,2,"#9E0142","2120,Femenino,raza1,sabor3"
0,0,2,"#9E0142","2123,Femenino,raza2,sabor4"
0,0,2,"#5E4FA2","2124,Masculino,raza8,sabor4"
4.64945514396054,-74.1088867884811,2,"#5E4FA2","2127,Masculino,raza8,sabor2"
4.6505805090115,-74.108021375709,2,"#9E0142","2131,Femenino,raza8,sabor1"
4.59883368164268,-74.0802920858164,2,"#5E4FA2","2132,Masculino,raza7,sabor1"
4.62978480730339,-74.0647667758928,2,"#9E0142","2134,Femenino,raza4,sabor1"
4.7000875494871,-74.0696273838782,2,"#5E4FA2","2135,Masculino,raza10,sabor3"
4.68087370872996,-74.046740654792,2,"#9E0142","2136,Femenino,raza2,sabor2"
4.72694602306185,-74.0265175750032,2,"#5E4FA2","2137,Masculino,raza1,sabor2"
4.68946297135683,-74.1315261868709,2,"#9E0142","2140,Femenino,raza10,sabor4"
4.67049448573322,-74.0449028421065,2,"#9E0142","2141,Femenino,raza7,sabor4"
4.65456837473323,-74.0765502239485,2,"#9E0142","2142,Femenino,raza6,sabor4"
4.75700859781594,-74.0959190146362,2,"#5E4FA2","2143,Masculino,raza4,sabor3"
4.52945762668287,-74.1175545686076,2,"#9E0142","2145,Femenino,raza6,sabor2"
4.65805320258591,-74.0517573402137,2,"#5E4FA2","2150,Masculino,raza3,sabor5"
4.59994173861796,-74.1555364289775,2,"#9E0142","2151,Femenino,raza10,sabor1"
0,0,2,"#5E4FA2","2152,Masculino,raza7,sabor5"
0,0,2,"#5E4FA2","2154,Masculino,raza8,sabor2"
4.66838686020193,-74.1033316209191,2,"#9E0142","2155,Femenino,raza1,sabor1"
4.67551614631422,-74.1112192390881,2,"#5E4FA2","2157,Masculino,raza4,sabor2"
4.68989463442591,-74.0562627198667,2,"#9E0142","2160,Femenino,raza10,sabor3"
0,0,2,"#9E0142","2162,Femenino,raza6,sabor2"
4.6732507922203,-74.0519323013786,2,"#5E4FA2","2163,Masculino,raza9,sabor5"
4.65153676314352,-74.156665884889,2,"#9E0142","2164,Femenino,raza4,sabor5"
4.69973436965512,-74.0398140507948,2,"#9E0142","2167,Femenino,raza5,sabor3"
0,0,2,"#5E4FA2","2170,Masculino,raza8,sabor5"
4.7159978966577,-74.0473986642354,2,"#9E0142","2173,Femenino,raza8,sabor4"
4.76075054705462,-74.048878321394,2,"#9E0142","2176,Femenino,raza1,sabor4"
4.69580172642605,-74.0390872231604,2,"#5E4FA2","2177,Masculino,raza10,sabor4"
4.68963820237457,-74.0594928601303,2,"#9E0142","2178,Femenino,raza1,sabor3"
4.73880172371596,-74.067022564177,2,"#9E0142","2179,Femenino,raza5,sabor4"
4.56920051221807,-74.0921276572259,2,"#5E4FA2","2180,Masculino,raza1,sabor1"
4.64234903587669,-74.1068818743214,2,"#5E4FA2","2181,Masculino,raza4,sabor3"
4.72647667631827,-74.0727193614804,2,"#9E0142","2187,Femenino,raza6,sabor2"
4.76605793517193,-74.0453421774175,2,"#9E0142","2196,Femenino,raza8,sabor3"
0,0,2,"#9E0142","2197,Femenino,raza7,sabor3"
4.69542533826746,-74.0542502586354,2,"#9E0142","2199,Femenino,raza8,sabor3"
4.70028564589067,-74.0741190782063,2,"#5E4FA2","2205,Masculino,raza10,sabor5"
4.6570083680701,-74.1087636284834,2,"#5E4FA2","2206,Masculino,raza9,sabor4"
4.69672899139902,-74.1242019169885,2,"#9E0142","2207,Femenino,raza9,sabor2"
4.72662063563769,-74.0450215876797,2,"#9E0142","2208,Femenino,raza2,sabor2"
0,0,2,"#9E0142","2211,Femenino,raza10,sabor5"
4.75808977658742,-74.0919659965078,2,"#5E4FA2","2213,Masculino,raza6,sabor5"
4.64453529865078,-74.1049112122482,2,"#5E4FA2","2215,Masculino,raza10,sabor3"
4.75506344971739,-74.1062962409726,2,"#9E0142","2216,Femenino,raza7,sabor4"
4.65803056614561,-74.1306409174955,2,"#9E0142","2220,Femenino,raza4,sabor4"
4.72137415583843,-74.1255173287507,2,"#5E4FA2","2221,Masculino,raza4,sabor2"
4.7206901905429,-74.037236847325,2,"#5E4FA2","2223,Masculino,raza9,sabor1"
4.6370285594058,-74.0651779959065,2,"#5E4FA2","2227,Masculino,raza8,sabor5"
0,0,2,"#5E4FA2","2228,Masculino,raza3,sabor2"
4.74496306851311,-74.0965863165573,2,"#9E0142","2229,Femenino,raza3,sabor4"
4.67289991959647,-74.1218076963676,2,"#5E4FA2","2233,Masculino,raza10,sabor1"
3.4072025529308,-76.5467611134709,2,"#9E0142","2234,Femenino,raza8,sabor1"
4.66926023121979,-74.1278659543234,2,"#5E4FA2","2244,Masculino,raza3,sabor4"
4.68686598842057,-74.0719524101087,2,"#9E0142","2245,Femenino,raza1,sabor1"
4.55443548199329,-74.1096625590082,2,"#5E4FA2","2246,Masculino,raza7,sabor5"
4.74612799944224,-74.0304953725283,2,"#9E0142","2248,Femenino,raza1,sabor2"
4.5975934252815,-74.1212602667748,2,"#5E4FA2","2249,Masculino,raza10,sabor2"
4.68691055168813,-74.0333247804876,2,"#5E4FA2","2250,Masculino,raza2,sabor3"
4.71825774751978,-74.0311134795424,2,"#9E0142","2252,Femenino,raza10,sabor4"
4.66589066105631,-74.0734940464353,2,"#5E4FA2","2253,Masculino,raza10,sabor3"
4.61777008801104,-74.1181518089732,2,"#5E4FA2","2257,Masculino,raza5,sabor3"
4.65037107304175,-74.1110593874865,2,"#5E4FA2","2258,Masculino,raza1,sabor2"
0,0,2,"#5E4FA2","2275,Masculino,raza10,sabor2"
4.64971203381888,-74.0504435767123,2,"#9E0142","2276,Femenino,raza4,sabor2"
4.66361651216721,-74.0530489667118,2,"#5E4FA2","2278,Masculino,raza6,sabor2"
4.7508733196805,-74.0657638495672,2,"#9E0142","2283,Femenino,raza6,sabor1"
4.74528227388987,-74.0978474143847,2,"#9E0142","2287,Femenino,raza7,sabor4"
4.64005299982437,-74.1513659863116,2,"#9E0142","2302,Femenino,raza2,sabor5"
4.65460834486223,-74.1070617327652,2,"#5E4FA2","2303,Masculino,raza5,sabor1"
4.69937547821749,-74.0466116609794,2,"#9E0142","2305,Femenino,raza1,sabor5"
4.67446119147561,-74.061805224204,2,"#9E0142","2313,Femenino,raza4,sabor3"
4.69228928690566,-74.0468571615656,2,"#5E4FA2","2314,Masculino,raza2,sabor1"
4.73658131572604,-74.1084414670649,2,"#5E4FA2","2328,Masculino,raza7,sabor1"
0,0,2,"#9E0142","2334,Femenino,raza1,sabor2"
4.67279270392361,-74.1360598793608,2,"#5E4FA2","2347,Masculino,raza10,sabor2"
4.67378923541053,-74.0643852554337,2,"#5E4FA2","2353,Masculino,raza9,sabor2"
0,0,2,"#5E4FA2","2358,Masculino,raza10,sabor5"
4.74147677425805,-74.0398949424024,2,"#9E0142","2359,Femenino,raza7,sabor2"
4.60665146260998,-74.0788261845394,2,"#9E0142","2360,Femenino,raza6,sabor2"
4.71626002433973,-74.0325675198311,2,"#9E0142","2364,Femenino,raza8,sabor5"
4.60397186551975,-74.1095094974407,2,"#9E0142","2372,Femenino,raza6,sabor2"
4.67306249517337,-74.0511626651448,2,"#5E4FA2","2376,Masculino,raza10,sabor3"
4.70318524925903,-74.0565700923062,2,"#5E4FA2","2378,Masculino,raza8,sabor4"
4.69852378529016,-74.0572288517651,2,"#5E4FA2","2379,Masculino,raza4,sabor4"
4.65037107304175,-74.1110593874865,2,"#9E0142","2381,Femenino,raza3,sabor3"
4.67153521063307,-74.0614697975746,2,"#5E4FA2","2383,Masculino,raza1,sabor5"
4.69466217000063,-74.0356404754997,2,"#9E0142","2385,Femenino,raza3,sabor5"
4.61708160392097,-74.1714110651216,2,"#5E4FA2","2389,Masculino,raza1,sabor1"
4.60548342544854,-74.1727516363578,2,"#9E0142","2405,Femenino,raza7,sabor3"
4.74321850024279,-74.0612839381433,2,"#5E4FA2","2406,Masculino,raza6,sabor1"
4.68941731515989,-74.1314655728814,2,"#9E0142","2410,Femenino,raza2,sabor3"
4.73942959881871,-74.0834026365391,2,"#9E0142","2412,Femenino,raza1,sabor5"
10.4060603670109,-75.5543283332658,2,"#5E4FA2","2420,Masculino,raza3,sabor1"
4.72013513365379,-74.034854919578,2,"#9E0142","2427,Femenino,raza2,sabor5"
4.71065976937194,-74.1149758626046,2,"#5E4FA2","2434,Masculino,raza5,sabor5"
4.61035910486144,-74.1072014038535,2,"#5E4FA2","2442,Masculino,raza2,sabor3"
11.1879584579022,-74.2321269744071,2,"#9E0142","2448,Femenino,raza1,sabor1"
4.75870361126552,-74.0447040659088,2,"#5E4FA2","2449,Masculino,raza2,sabor3"
4.7353510103811,-74.0600440511513,2,"#5E4FA2","2451,Masculino,raza7,sabor1"
4.64718389842381,-74.0627166710834,2,"#5E4FA2","2454,Masculino,raza8,sabor3"
4.75429455510157,-74.107192353351,2,"#5E4FA2","2461,Masculino,raza8,sabor4"
4.73957593058953,-74.0460171011821,2,"#5E4FA2","2468,Masculino,raza4,sabor2"
0,0,2,"#5E4FA2","2472,Masculino,raza5,sabor4"
4.60959819687131,-74.0927212825063,2,"#5E4FA2","2494,Masculino,raza8,sabor2"
0,0,2,"#5E4FA2","2502,Masculino,raza6,sabor5"
4.69496673989006,-74.1074820541445,2,"#9E0142","2507,Femenino,raza2,sabor2"
4.76295255730076,-74.0691042040732,2,"#9E0142","2514,Femenino,raza10,sabor5"
4.6696562562547,-74.1380640445579,2,"#9E0142","2519,Femenino,raza2,sabor3"
4.63503711556198,-74.0946263961683,2,"#9E0142","2527,Femenino,raza2,sabor1"
4.72982378600731,-74.118368898162,2,"#5E4FA2","2528,Masculino,raza4,sabor1"
4.72269385808208,-74.0653020686643,2,"#9E0142","2538,Femenino,raza1,sabor2"
4.69990749040675,-74.0437018139434,2,"#9E0142","2544,Femenino,raza6,sabor3"
4.64214289317763,-74.1009220628129,2,"#5E4FA2","2545,Masculino,raza10,sabor5"
4.61392761361604,-74.1204445062772,2,"#5E4FA2","2548,Masculino,raza1,sabor2"
4.6798641843899,-74.0549697528777,2,"#5E4FA2","2558,Masculino,raza3,sabor5"
4.73369069834406,-74.0552590091973,2,"#9E0142","2561,Femenino,raza3,sabor2"
4.57577413662233,-74.1279171732928,2,"#5E4FA2","2564,Masculino,raza5,sabor5"
3.32677528627556,-76.5314968023375,2,"#9E0142","2565,Femenino,raza1,sabor4"
4.71952606845597,-74.1220382852286,2,"#9E0142","2572,Femenino,raza5,sabor4"
4.64208943197437,-74.1027400352273,2,"#5E4FA2","2575,Masculino,raza9,sabor2"
4.67588266481606,-74.0612878643398,2,"#9E0142","2588,Femenino,raza9,sabor4"
4.7284490576857,-74.0463709808268,2,"#9E0142","2589,Femenino,raza1,sabor3"
4.60719617682111,-74.1589041752436,2,"#5E4FA2","2590,Masculino,raza10,sabor5"
4.7511695385791,-74.0977011960144,2,"#5E4FA2","2594,Masculino,raza10,sabor3"
4.65200223236156,-74.0848707235941,2,"#5E4FA2","2595,Masculino,raza5,sabor2"
4.68955994396527,-74.0506084720054,2,"#9E0142","2596,Femenino,raza1,sabor3"
4.75603167674838,-74.1013469901981,2,"#5E4FA2","2598,Masculino,raza2,sabor3"
4.64314500353516,-74.0620159654397,2,"#5E4FA2","2600,Masculino,raza5,sabor5"
4.69864585300637,-74.1013916980241,2,"#9E0142","2601,Femenino,raza5,sabor4"
4.64929199915104,-74.0860822022853,2,"#9E0142","2602,Femenino,raza3,sabor5"
0,0,2,"#9E0142","2605,Femenino,raza2,sabor5"
4.70435500692477,-74.0592312098934,2,"#9E0142","2606,Femenino,raza9,sabor5"
4.67478562722087,-74.0528170873452,2,"#9E0142","2610,Femenino,raza6,sabor5"
0,0,2,"#9E0142","2613,Femenino,raza7,sabor5"
4.61961813245439,-74.1256433149228,2,"#9E0142","2615,Femenino,raza4,sabor4"
4.74207387866725,-74.0855874490884,2,"#5E4FA2","2616,Masculino,raza7,sabor3"
4.63048103347292,-74.1763952183652,2,"#5E4FA2","2621,Masculino,raza9,sabor5"
4.73140298274499,-74.0303962931938,2,"#5E4FA2","2622,Masculino,raza4,sabor3"
4.69059081139198,-74.052779731978,2,"#5E4FA2","2624,Masculino,raza3,sabor4"
4.69114979824301,-74.0861986039499,2,"#5E4FA2","2625,Masculino,raza7,sabor5"
4.67236965655424,-74.0615265367677,2,"#9E0142","2626,Femenino,raza2,sabor3"
4.70852289170285,-74.1236519058093,2,"#5E4FA2","2627,Masculino,raza7,sabor5"
4.61810305069249,-74.1273712856122,2,"#5E4FA2","2628,Masculino,raza3,sabor4"
4.73452232714573,-74.0593664325653,2,"#9E0142","2629,Femenino,raza6,sabor1"
4.70549476714058,-74.0309248051075,2,"#9E0142","2631,Femenino,raza9,sabor2"
4.6721426857861,-74.0582830207167,2,"#9E0142","2634,Femenino,raza1,sabor5"
4.7447112701929,-74.036326691788,2,"#9E0142","2635,Femenino,raza10,sabor3"
4.6888649920483,-74.0649460407969,2,"#9E0142","2637,Femenino,raza7,sabor4"
0,0,2,"#9E0142","2638,Femenino,raza1,sabor4"
0,0,2,"#5E4FA2","2640,Masculino,raza5,sabor2"
4.66677924597079,-74.0488731677054,2,"#9E0142","2643,Femenino,raza2,sabor5"
4.73708205742721,-74.0597489359367,2,"#9E0142","2645,Femenino,raza7,sabor3"
4.60822368261574,-74.13792092205,2,"#9E0142","2655,Femenino,raza8,sabor1"
5.0684022982301,-75.4949369636166,2,"#5E4FA2","2658,Masculino,raza9,sabor5"
4.64004690156081,-74.1272789434095,2,"#5E4FA2","2661,Masculino,raza7,sabor5"
4.65047710808662,-74.0628515053327,2,"#5E4FA2","2663,Masculino,raza6,sabor5"
4.64844300060147,-74.0713395661951,2,"#9E0142","2664,Femenino,raza1,sabor2"
4.6450313892849,-74.1385332262173,2,"#5E4FA2","2667,Masculino,raza6,sabor2"
4.69654325045829,-74.0818197267567,2,"#9E0142","2672,Femenino,raza8,sabor2"
4.72344436515189,-74.0371543535071,2,"#9E0142","2675,Femenino,raza3,sabor1"
4.72365546526118,-74.0627084315209,2,"#5E4FA2","2678,Masculino,raza10,sabor5"
4.63050446945894,-74.2025088674665,2,"#5E4FA2","2682,Masculino,raza2,sabor5"
4.6717375265375,-74.0578331373985,2,"#9E0142","2683,Femenino,raza9,sabor5"
4.70695449551664,-74.0598687615474,2,"#5E4FA2","2684,Masculino,raza3,sabor2"
4.67639551719647,-74.042967898835,2,"#9E0142","2685,Femenino,raza9,sabor2"
4.72558482860805,-74.0287446564784,2,"#9E0142","2686,Femenino,raza5,sabor4"
4.6265310388901,-74.0918641719538,2,"#9E0142","2689,Femenino,raza7,sabor4"
4.72561666359239,-74.0496573468255,2,"#5E4FA2","2690,Masculino,raza3,sabor1"
4.71994023116702,-74.1186127722309,2,"#5E4FA2","2702,Masculino,raza6,sabor2"
4.72789186981094,-74.0520763179943,2,"#5E4FA2","2710,Masculino,raza8,sabor2"
4.7548384293486,-74.0469089648822,2,"#9E0142","2724,Femenino,raza7,sabor5"
4.72042467666771,-74.039923611011,2,"#9E0142","2727,Femenino,raza10,sabor1"
4.6732507922203,-74.0519323013786,2,"#9E0142","2729,Femenino,raza4,sabor2"
4.55022627050028,-74.1085960189254,2,"#9E0142","2730,Femenino,raza9,sabor3"
4.62258763596215,-74.0669647605047,2,"#5E4FA2","2732,Masculino,raza10,sabor4"
4.73808065903604,-74.0266098155775,2,"#9E0142","2734,Femenino,raza1,sabor1"
4.69566575752878,-74.0820598266985,2,"#5E4FA2","2742,Masculino,raza7,sabor1"
4.63303131881815,-74.0861018726065,2,"#5E4FA2","2744,Masculino,raza5,sabor5"
4.59561544098335,-74.1015475139895,2,"#9E0142","2745,Femenino,raza4,sabor3"
4.74927538781509,-74.1041420610591,2,"#5E4FA2","2746,Masculino,raza4,sabor3"
0,0,2,"#5E4FA2","2747,Masculino,raza7,sabor2"
4.6747510606764,-74.0451669025464,2,"#9E0142","2748,Femenino,raza2,sabor4"
4.59844417396453,-74.0763974646657,2,"#5E4FA2","2752,Masculino,raza1,sabor4"
4.67030646814834,-74.1199602294185,2,"#5E4FA2","2757,Masculino,raza5,sabor1"
4.68710264801588,-74.0374419895213,2,"#5E4FA2","2758,Masculino,raza3,sabor1"
4.63036540496268,-74.0865165013366,2,"#5E4FA2","2766,Masculino,raza2,sabor5"
4.64518188044078,-74.1057311322981,2,"#5E4FA2","2768,Masculino,raza7,sabor1"
4.69211128628415,-74.0869308721744,2,"#5E4FA2","2769,Masculino,raza7,sabor2"
4.7589459694533,-74.0297195379812,2,"#9E0142","2775,Femenino,raza6,sabor5"
4.75846264567738,-74.0333623917855,2,"#5E4FA2","2779,Masculino,raza4,sabor3"
4.6429807418658,-74.091040087849,2,"#5E4FA2","2785,Masculino,raza3,sabor5"
4.69990193102489,-74.0288705646766,2,"#9E0142","2787,Femenino,raza7,sabor5"
4.67639551719647,-74.042967898835,2,"#9E0142","2792,Femenino,raza8,sabor2"
6.21280966619965,-75.5671470956538,2,"#9E0142","2797,Femenino,raza5,sabor3"
4.63190620348032,-74.0772262987389,2,"#5E4FA2","2803,Masculino,raza5,sabor2"
4.59519058991769,-74.1316013805477,2,"#5E4FA2","2804,Masculino,raza9,sabor2"
4.64248705457736,-74.099386102537,2,"#9E0142","2805,Femenino,raza8,sabor1"
4.6163567604133,-74.0711538838342,2,"#5E4FA2","2806,Masculino,raza7,sabor4"
4.6426449319804,-74.144331340313,2,"#9E0142","2808,Femenino,raza1,sabor2"
4.75200086043427,-74.0624399772413,2,"#9E0142","2809,Femenino,raza3,sabor1"
4.66025921594655,-74.0532979030243,2,"#9E0142","2813,Femenino,raza7,sabor1"
4.65198177329519,-74.0865714224484,2,"#9E0142","2814,Femenino,raza1,sabor4"
4.58355174585728,-74.1351233026878,2,"#9E0142","2815,Femenino,raza6,sabor4"
4.72977769020019,-74.0469580310464,2,"#5E4FA2","2816,Masculino,raza10,sabor3"
4.74388049155145,-74.0639350654046,2,"#5E4FA2","2818,Masculino,raza8,sabor1"
4.68580890259414,-74.0514125235344,2,"#5E4FA2","2819,Masculino,raza4,sabor1"
4.71582631091912,-74.1206686528539,2,"#9E0142","2821,Femenino,raza5,sabor2"
0,0,2,"#5E4FA2","2829,Masculino,raza8,sabor5"
4.70196082866879,-74.0324277417459,2,"#5E4FA2","2833,Masculino,raza6,sabor3"
4.61890596139217,-74.1674306002878,2,"#9E0142","2834,Femenino,raza1,sabor2"
4.75159012858474,-74.1089531542497,2,"#9E0142","2838,Femenino,raza9,sabor5"
4.75257676663375,-74.0984845455257,2,"#5E4FA2","2840,Masculino,raza4,sabor3"
4.66958636565392,-74.1061214553052,2,"#9E0142","2841,Femenino,raza1,sabor4"
4.63677308850204,-74.0684253005699,2,"#5E4FA2","2842,Masculino,raza7,sabor3"
4.67843694752611,-74.0509536792873,2,"#5E4FA2","2843,Masculino,raza7,sabor4"
0,0,2,"#9E0142","2844,Femenino,raza8,sabor1"
4.70480297236947,-74.0465352636231,2,"#9E0142","2845,Femenino,raza3,sabor5"
4.71337342068855,-74.1240938609273,2,"#9E0142","2846,Femenino,raza7,sabor5"
4.68473663506266,-74.0515129002708,2,"#9E0142","2847,Femenino,raza6,sabor5"
4.7236423919573,-74.1124849360379,2,"#5E4FA2","2848,Masculino,raza10,sabor5"
4.73938059083489,-74.0369700773106,2,"#5E4FA2","2849,Masculino,raza1,sabor5"
4.63342244326342,-74.0729574532754,2,"#5E4FA2","2850,Masculino,raza1,sabor5"
4.72632722481041,-74.1119967271269,2,"#5E4FA2","2851,Masculino,raza2,sabor3"
4.59669737075255,-74.130650531912,2,"#9E0142","2852,Femenino,raza4,sabor2"
4.60742305647351,-74.0760994145406,2,"#9E0142","2854,Femenino,raza1,sabor4"
4.64145000320553,-74.1281158241672,2,"#5E4FA2","2856,Masculino,raza10,sabor4"
4.69685483634545,-74.0678991824092,2,"#5E4FA2","2857,Masculino,raza1,sabor3"
4.6752171557578,-74.1341948888155,2,"#9E0142","2862,Femenino,raza7,sabor1"
4.68384605793464,-74.046095608006,2,"#5E4FA2","2863,Masculino,raza2,sabor5"
4.65915885976683,-74.1164535450769,2,"#5E4FA2","2864,Masculino,raza1,sabor1"
4.67704136910956,-74.055676063196,2,"#5E4FA2","2865,Masculino,raza10,sabor3"
4.76643734293004,-74.045153660363,2,"#9E0142","2874,Femenino,raza4,sabor1"
4.71512981296685,-74.0475242776224,2,"#9E0142","2880,Femenino,raza5,sabor5"
4.59655638867584,-74.0918865649777,2,"#5E4FA2","2887,Masculino,raza3,sabor2"
4.72632722481041,-74.1119967271269,2,"#9E0142","2888,Femenino,raza3,sabor1"
4.76794170095676,-74.0324735617314,2,"#9E0142","2899,Femenino,raza4,sabor1"
4.63048103347292,-74.1763952183652,2,"#9E0142","2902,Femenino,raza7,sabor4"
4.64282087321331,-74.1034623780583,2,"#5E4FA2","2903,Masculino,raza9,sabor3"
4.71794826395368,-74.0439834021961,2,"#9E0142","2908,Femenino,raza3,sabor4"
4.57772196159421,-74.1156623862037,2,"#5E4FA2","2916,Masculino,raza6,sabor4"
4.6480773923276,-74.0587296524904,2,"#5E4FA2","2918,Masculino,raza2,sabor1"
4.69765237385558,-74.065544679199,2,"#9E0142","2920,Femenino,raza8,sabor3"
4.57212858008168,-74.1012730946615,2,"#9E0142","2922,Femenino,raza8,sabor3"
4.64367787873867,-74.1879372171852,2,"#5E4FA2","2926,Masculino,raza3,sabor5"
4.73773938046177,-74.0889022405238,2,"#9E0142","2927,Femenino,raza1,sabor1"
3.48503836530629,-76.4943578043977,2,"#5E4FA2","2931,Masculino,raza2,sabor3"
0,0,2,"#5E4FA2","2934,Masculino,raza9,sabor5"
4.59952952818739,-74.1180067455032,2,"#9E0142","2938,Femenino,raza5,sabor3"
4.69325899727995,-74.0378295285192,2,"#5E4FA2","2940,Masculino,raza4,sabor2"
4.6959175212021,-74.0610948626966,2,"#9E0142","2941,Femenino,raza9,sabor1"
4.62493593884413,-74.1468438587183,2,"#9E0142","2942,Femenino,raza8,sabor2"
4.73756902047499,-74.0649102685606,2,"#9E0142","2944,Femenino,raza4,sabor2"
4.60674952018756,-74.0688139417733,2,"#5E4FA2","2948,Masculino,raza5,sabor5"
0,0,2,"#9E0142","2955,Femenino,raza5,sabor4"
4.71226483581024,-74.1142480168482,2,"#5E4FA2","2957,Masculino,raza3,sabor1"
10.4504001243609,-75.5170154206693,2,"#9E0142","2959,Femenino,raza7,sabor5"
10.3964552915782,-75.5548601746893,2,"#9E0142","2972,Femenino,raza9,sabor2"
4.60155493704771,-74.1450003981102,2,"#5E4FA2","2975,Masculino,raza4,sabor3"
0,0,2,"#9E0142","2980,Femenino,raza2,sabor4"
4.69095487903973,-74.0489447836906,2,"#9E0142","2982,Femenino,raza5,sabor1"
4.67508917948406,-74.0742790162263,2,"#5E4FA2","2984,Masculino,raza8,sabor2"
4.72185867881872,-74.1252432485664,2,"#5E4FA2","2990,Masculino,raza7,sabor5"
4.62422790536775,-74.1474123423106,2,"#5E4FA2","2991,Masculino,raza3,sabor1"
4.69587309341836,-74.078473101527,2,"#5E4FA2","2993,Masculino,raza1,sabor5"
4.65683839861731,-74.0642909673954,2,"#5E4FA2","2995,Masculino,raza8,sabor2"
4.68971976583343,-74.0815471151434,2,"#9E0142","2996,Femenino,raza8,sabor3"
4.60353002024768,-74.1405303227584,2,"#9E0142","3000,Femenino,raza8,sabor1"
11.2426618814281,-74.2056543936491,2,"#5E4FA2","3010,Masculino,raza8,sabor3"
0,0,2,"#5E4FA2","3012,Masculino,raza9,sabor4"
4.61314874012073,-74.0782856785644,2,"#9E0142","3021,Femenino,raza10,sabor4"
4.58202971030379,-74.1293600711798,2,"#9E0142","3022,Femenino,raza4,sabor3"
4.6688642423876,-74.0429368633945,2,"#9E0142","3026,Femenino,raza8,sabor1"
4.71800737973777,-74.0357793969868,2,"#9E0142","3035,Femenino,raza5,sabor1"
4.74942899433108,-74.0841058399067,2,"#9E0142","3036,Femenino,raza4,sabor1"
4.73139555156189,-74.030538108787,2,"#5E4FA2","3042,Masculino,raza5,sabor3"
4.6570083680701,-74.1087636284834,2,"#9E0142","3044,Femenino,raza6,sabor4"
4.62003130175688,-74.1327778660514,2,"#9E0142","3046,Femenino,raza10,sabor3"
4.7267756935756,-74.0470466849072,2,"#5E4FA2","3050,Masculino,raza1,sabor4"
0,0,2,"#5E4FA2","3051,Masculino,raza2,sabor5"
4.61563248494097,-74.1566399511541,2,"#9E0142","3052,Femenino,raza4,sabor5"
4.68280902130079,-74.0614802410285,2,"#5E4FA2","3053,Masculino,raza2,sabor5"
4.69614061625594,-74.0613667567696,2,"#9E0142","3054,Femenino,raza1,sabor2"
4.69225190276173,-74.0629281619103,2,"#9E0142","3056,Femenino,raza3,sabor1"
4.63351455444412,-74.1427875471912,2,"#9E0142","3058,Femenino,raza2,sabor4"
4.63490756643538,-74.0637001093965,2,"#5E4FA2","3059,Masculino,raza4,sabor4"
4.67487360308762,-74.0857755663274,2,"#5E4FA2","3060,Masculino,raza2,sabor2"
4.7469913814702,-74.035787031236,2,"#9E0142","3062,Femenino,raza9,sabor4"
4.62218869478483,-74.1324799034367,2,"#5E4FA2","3071,Masculino,raza1,sabor3"
4.70750709200396,-74.0319233757042,2,"#9E0142","3072,Femenino,raza2,sabor1"
4.71199429930996,-74.0628959483801,2,"#5E4FA2","3073,Masculino,raza4,sabor1"
4.62911079159389,-74.0877836988241,2,"#5E4FA2","3075,Masculino,raza7,sabor1"
4.63709912234093,-74.0995543109703,2,"#9E0142","3077,Femenino,raza3,sabor2"
4.73040177129644,-74.0652402346307,2,"#9E0142","3079,Femenino,raza10,sabor5"
0,0,2,"#9E0142","3082,Femenino,raza7,sabor1"
4.73565612444862,-74.0578217679113,2,"#9E0142","3083,Femenino,raza2,sabor2"
0,0,2,"#5E4FA2","3084,Masculino,raza9,sabor1"
0,0,2,"#9E0142","3090,Femenino,raza10,sabor1"
4.75633453297154,-74.0824512383772,2,"#9E0142","3095,Femenino,raza7,sabor1"
4.7247490388972,-74.0274887734671,2,"#5E4FA2","3102,Masculino,raza9,sabor3"
4.73331554207336,-74.0330545410224,2,"#9E0142","3103,Femenino,raza5,sabor4"
0,0,2,"#9E0142","3104,Femenino,raza5,sabor5"
4.71630881525528,-74.0593562022577,2,"#9E0142","3106,Femenino,raza3,sabor5"
4.72965527482098,-74.0474195255262,2,"#9E0142","3108,Femenino,raza8,sabor4"
6.24949859035341,-75.6092704701727,2,"#5E4FA2","3114,Masculino,raza7,sabor2"
4.63740898340136,-74.1468382736345,2,"#9E0142","3115,Femenino,raza10,sabor5"
4.61177459225008,-74.1267581792734,2,"#9E0142","3118,Femenino,raza2,sabor4"
4.70505430451607,-74.0515385126571,2,"#9E0142","3121,Femenino,raza7,sabor4"
4.5917462995531,-74.1556753692143,2,"#5E4FA2","3130,Masculino,raza6,sabor2"
0,0,2,"#5E4FA2","3138,Masculino,raza7,sabor3"
4.72618011205423,-74.0337752055374,2,"#9E0142","3140,Femenino,raza6,sabor1"
4.66560030242094,-74.1351791895403,2,"#9E0142","3141,Femenino,raza8,sabor3"
4.73249405125132,-74.1173652649692,2,"#9E0142","3144,Femenino,raza4,sabor2"
4.60706000645996,-74.1179618731897,2,"#9E0142","3147,Femenino,raza2,sabor2"
4.71979270620539,-74.1219119697632,2,"#9E0142","3150,Femenino,raza4,sabor1"
4.60145895494513,-74.1569172850297,2,"#9E0142","3154,Femenino,raza1,sabor1"
0,0,2,"#9E0142","3156,Femenino,raza10,sabor5"
4.74767903047483,-74.0679328476967,2,"#9E0142","3157,Femenino,raza1,sabor1"
4.64021834295587,-74.0639678585732,2,"#9E0142","3168,Femenino,raza1,sabor1"
4.61896409508163,-74.1094653567683,2,"#5E4FA2","3178,Masculino,raza2,sabor5"
0,0,2,"#9E0142","3180,Femenino,raza3,sabor5"
4.75137241425473,-74.0675603724118,2,"#5E4FA2","3188,Masculino,raza1,sabor5"
0,0,2,"#5E4FA2","3189,Masculino,raza10,sabor3"
4.67537906889954,-74.0421285357289,2,"#9E0142","3195,Femenino,raza6,sabor4"
4.66433157302599,-74.0826152227827,2,"#9E0142","3197,Femenino,raza4,sabor2"
4.76057518552434,-74.0239008778347,2,"#9E0142","3198,Femenino,raza5,sabor4"
4.64918243650627,-74.0625267115864,2,"#5E4FA2","3199,Masculino,raza1,sabor3"
4.61041979451159,-74.0721371798975,2,"#9E0142","3200,Femenino,raza8,sabor1"
4.69759207282935,-74.0694635372241,2,"#5E4FA2","3202,Masculino,raza9,sabor5"
4.62080946391391,-74.1311260510744,2,"#5E4FA2","3212,Masculino,raza4,sabor1"
4.66358082059423,-74.0518960598758,2,"#5E4FA2","3219,Masculino,raza9,sabor2"
4.64203405838933,-74.069697785871,2,"#5E4FA2","3221,Masculino,raza9,sabor1"
4.6630309357311,-74.1160805116421,2,"#9E0142","3227,Femenino,raza8,sabor4"
4.67036496583691,-74.0583625296767,2,"#5E4FA2","3234,Masculino,raza5,sabor2"
