"lat","lng","group","size"
4.74839917998637,-74.0906628767848,"Masculino",2
4.64980014140902,-74.108747655802,"Masculino",2
4.68125426023292,-74.0408615748434,"Femenino",2
4.70224581511676,-74.0501185656027,"Masculino",2
4.67536308406449,-74.0447947600048,"Masculino",2
4.69366014621066,-74.0488463518213,"Masculino",2
4.71641419527092,-74.0485998158202,"Femenino",2
4.68462480881628,-74.0560329893708,"Masculino",2
4.73678663151325,-74.0821792791324,"Femenino",2
4.6056333799974,-74.0980520649682,"Masculino",2
4.67197166973978,-74.0989559614622,"Masculino",2
4.74255634609128,-74.0922316453797,"Masculino",2
0,0,"Masculino",2
4.72254515972868,-74.0607297589568,"Masculino",2
4.60189634384008,-74.1107067035751,"Masculino",2
4.68713661844405,-74.0324710566512,"Masculino",2
4.72164754575008,-74.0569283092617,"Femenino",2
4.5945503783465,-74.1752903750445,"Femenino",2
4.71071391103094,-74.0683608523463,"Femenino",2
4.6715666643491,-74.0458298443887,"Masculino",2
4.6818169374553,-74.0419978228663,"Masculino",2
4.74996741545271,-74.0861303502033,"Femenino",2
4.62585270713135,-74.0699071984583,"Femenino",2
4.72701258391238,-74.0635374665547,"Femenino",2
4.63522203859439,-74.0643729413864,"Femenino",2
4.71039489734752,-74.076636318886,"Masculino",2
4.72100621622289,-74.0276240833337,"Femenino",2
4.6717086903525,-74.0463951343716,"Masculino",2
4.60518043285493,-74.091752889534,"Masculino",2
0,0,"Masculino",2
4.66473190059751,-74.1359476224078,"Masculino",2
0,0,"Femenino",2
4.60413144436726,-74.0867649960902,"Masculino",2
4.67204734246944,-74.0496453659494,"Femenino",2
4.6374942492387,-74.171218556,"Femenino",2
4.58483457367677,-74.1139774611153,"Femenino",2
4.68728295341024,-74.0378310920774,"Masculino",2
4.67885537373782,-74.0545986811811,"Masculino",2
4.60593230796853,-74.1092715505302,"Masculino",2
4.64293985778731,-74.0799622403282,"Femenino",2
4.7038248083842,-74.1144498205072,"Masculino",2
4.7406846481304,-74.0446456869155,"Masculino",2
4.59762386649274,-74.0971685613304,"Masculino",2
4.66915329259026,-74.0584386038993,"Masculino",2
4.60403390008115,-74.1514747428981,"Femenino",2
4.68023922894921,-74.0421919482171,"Masculino",2
4.6222910714266,-74.0904073293879,"Femenino",2
4.68823455286346,-74.0714665727326,"Femenino",2
4.5973732901708,-74.0797569074578,"Masculino",2
0,0,"Femenino",2
4.7191963710315,-74.0770485240887,"Masculino",2
4.62620819068956,-74.076302994027,"Femenino",2
4.62708111661639,-74.1479115785523,"Masculino",2
4.73293633870061,-74.0565093917426,"Masculino",2
4.66583086613322,-74.1556779511865,"Masculino",2
4.6570083680701,-74.1087636284834,"Femenino",2
0,0,"Femenino",2
4.69339242420524,-74.1519939009733,"Femenino",2
4.72378390821101,-74.0286329257918,"Femenino",2
4.65005692779457,-74.1724233253371,"Masculino",2
4.67187022071657,-74.0479093671109,"Femenino",2
4.60451038240471,-74.1538038849358,"Femenino",2
4.68888863962484,-74.0650635095924,"Femenino",2
0,0,"Femenino",2
4.60171500433502,-74.1136609536822,"Masculino",2
0,0,"Femenino",2
4.66560030242094,-74.1351791895403,"Masculino",2
4.69783902557997,-74.065522964444,"Masculino",2
4.64190444595171,-74.1381382041816,"Femenino",2
4.67707926456701,-74.1050303994102,"Femenino",2
4.61199851779045,-74.1193677525509,"Masculino",2
4.75755760351405,-74.054268931243,"Masculino",2
4.56962491078473,-74.116340856897,"Femenino",2
4.75261142524272,-74.0635017291346,"Femenino",2
4.72897808437059,-74.0335288208881,"Femenino",2
4.6912499859691,-74.068414769347,"Femenino",2
0,0,"Masculino",2
4.75261142524272,-74.0635017291346,"Masculino",2
4.66560030242094,-74.1351791895403,"Femenino",2
4.68219039790864,-74.1059246360525,"Masculino",2
4.76072460648028,-74.0321695516998,"Masculino",2
4.67887361683022,-74.1147495971017,"Masculino",2
4.67995355439457,-74.0382348255883,"Masculino",2
4.65273209209932,-74.0593997555438,"Masculino",2
0,0,"Masculino",2
4.68023922894921,-74.0421919482171,"Masculino",2
4.7670164870225,-74.0470780535743,"Masculino",2
4.70916369072139,-74.0567281394822,"Femenino",2
0,0,"Masculino",2
4.6430374929338,-74.0702495906258,"Femenino",2
4.69556775311559,-74.0431843420861,"Femenino",2
0,0,"Femenino",2
4.68595121228866,-74.0353799333283,"Femenino",2
4.69838523512754,-74.0797671693118,"Masculino",2
4.74732153422848,-74.0581501754476,"Masculino",2
4.7044285419632,-74.0213748274829,"Femenino",2
4.69159752187996,-74.0342445447993,"Masculino",2
4.68246535599201,-74.0777901909375,"Femenino",2
4.68125426023292,-74.0408615748434,"Masculino",2
4.6711911343529,-74.0547225693838,"Masculino",2
4.74826649826779,-74.100609427497,"Masculino",2
4.71738505664696,-74.1160181297938,"Femenino",2
4.62672573982563,-74.0775064257178,"Masculino",2
4.65105383121024,-74.0512393876301,"Masculino",2
4.6589813982655,-74.0525495643849,"Masculino",2
4.67464826747336,-74.0510664766377,"Femenino",2
4.68719037431786,-74.0379167083735,"Femenino",2
4.68719037431786,-74.0379167083735,"Masculino",2
4.67243510037717,-74.0474502143338,"Masculino",2
4.68045549337351,-74.0445425977274,"Femenino",2
0,0,"Femenino",2
4.66751529198023,-74.0566234411444,"Masculino",2
4.67460835223839,-74.0597751038488,"Masculino",2
4.67660212012222,-74.106000924675,"Femenino",2
4.74537924933775,-74.0340548986792,"Masculino",2
4.62831903413544,-74.078068991701,"Masculino",2
4.63005159811881,-74.149982580833,"Masculino",2
4.75627320742016,-74.058779666801,"Femenino",2
4.71516832589608,-74.1359340731826,"Masculino",2
4.64660102472441,-74.0552530994448,"Masculino",2
4.69699926649306,-74.1122193842951,"Masculino",2
0,0,"Masculino",2
4.61231345811929,-74.1489592538551,"Masculino",2
4.75778716356849,-74.0464259050309,"Masculino",2
4.62380145664844,-74.1809390960076,"Femenino",2
4.74771624611471,-74.0648961754909,"Masculino",2
4.67450413741307,-74.1404177314229,"Femenino",2
4.70811933697699,-74.0341006158352,"Masculino",2
4.67962568307258,-74.0384872716493,"Masculino",2
4.59699642662798,-74.0715343156196,"Masculino",2
4.74796393635935,-74.1066646192222,"Masculino",2
4.75611523592177,-74.0952838147095,"Femenino",2
4.67203951759328,-74.1302249820001,"Masculino",2
4.63315972907534,-74.0905401232446,"Masculino",2
4.70482031059928,-74.0751783929294,"Femenino",2
4.61987055927543,-74.1160832859242,"Femenino",2
4.69852378529016,-74.0572288517651,"Femenino",2
4.68591220499349,-74.0662300439337,"Masculino",2
4.69551376063966,-74.0376262754908,"Masculino",2
4.6448235498678,-74.05841209314,"Femenino",2
4.68308646129514,-74.1141251878584,"Femenino",2
4.75313716135323,-74.1092548228099,"Femenino",2
4.58984722333398,-74.1047174207352,"Masculino",2
4.59298333042919,-74.0797071902204,"Masculino",2
4.73828915960999,-74.0366365299173,"Femenino",2
4.69389642099295,-74.0627195221757,"Masculino",2
4.64305428241619,-74.1290727033431,"Femenino",2
4.67021661519839,-74.1120521233857,"Femenino",2
4.60309920154847,-74.0665189356848,"Femenino",2
4.62174965508778,-74.1404654216147,"Masculino",2
4.69001126321188,-74.0693340511916,"Femenino",2
4.69152722385329,-74.0337194832647,"Masculino",2
4.6660806040087,-74.0513933968273,"Femenino",2
4.65845277951408,-74.0493952104045,"Masculino",2
4.67001049530654,-74.0777424048109,"Masculino",2
4.67588266481606,-74.0612878643398,"Femenino",2
4.62859608485694,-74.0901736743087,"Femenino",2
4.60431844491791,-74.093349673635,"Masculino",2
4.69755134074328,-74.123785474971,"Femenino",2
4.65166054377715,-74.1112932768814,"Femenino",2
4.72718204090683,-74.0757036024417,"Femenino",2
4.64563357609089,-74.1393321936198,"Masculino",2
4.58847650737733,-74.1138431711776,"Femenino",2
4.6529193017976,-74.0527237351716,"Masculino",2
4.65048474820217,-74.0900189010657,"Masculino",2
4.63212917584129,-74.0625651281925,"Masculino",2
4.70081314081981,-74.0617850997091,"Masculino",2
4.66525662598219,-74.1145171296855,"Masculino",2
4.7288527325373,-74.055368065271,"Masculino",2
0,0,"Masculino",2
4.68125426023292,-74.0408615748434,"Masculino",2
4.69464443092551,-74.0800466726996,"Masculino",2
4.74448639080935,-74.0540064772796,"Femenino",2
4.59425059811958,-74.0727520519109,"Femenino",2
4.65695299591064,-74.0750768088901,"Femenino",2
4.61459441617057,-74.0694422667079,"Masculino",2
0,0,"Femenino",2
4.64948928590035,-74.1342248345625,"Femenino",2
4.71944963553776,-74.0603702403491,"Femenino",2
4.69674945002901,-74.0634794746905,"Masculino",2
0,0,"Femenino",2
4.68536630571962,-74.0949199396702,"Masculino",2
0,0,"Masculino",2
4.66386675291507,-74.0508045360786,"Femenino",2
4.61381261882611,-74.1342599135354,"Masculino",2
4.60909492393662,-74.0767099672984,"Femenino",2
0,0,"Femenino",2
4.67652528240806,-74.0588584137356,"Femenino",2
4.68649471000363,-74.1004038755876,"Femenino",2
4.69084189782187,-74.0383081083602,"Femenino",2
4.61362754179722,-74.0658432317348,"Masculino",2
4.70179421636746,-74.1083587562407,"Masculino",2
4.6643943279235,-74.056895502096,"Femenino",2
4.62889832302117,-74.0830772666889,"Femenino",2
4.70412986202874,-74.0575657495221,"Masculino",2
4.66931884442178,-74.0855998774365,"Femenino",2
4.70200482784733,-74.0428672137519,"Femenino",2
4.64504130211112,-74.0912488774132,"Femenino",2
4.763309068871,-74.0492157077707,"Masculino",2
4.68287819905837,-74.0527477408279,"Masculino",2
0,0,"Masculino",2
4.73577462003907,-74.0868728536896,"Masculino",2
4.68462480881628,-74.0560329893708,"Masculino",2
4.72831686171928,-74.0302204642922,"Masculino",2
4.68666287661677,-74.0324485179845,"Femenino",2
4.6278194692626,-74.0808537818185,"Femenino",2
4.70343745236019,-74.0531350502041,"Masculino",2
4.69960213728565,-74.0372719923823,"Femenino",2
4.6087251416835,-74.1887418416333,"Masculino",2
4.66682681172492,-74.0474245041284,"Masculino",2
4.68793263649112,-74.0607166966011,"Femenino",2
4.73124391771613,-74.0656385796838,"Femenino",2
4.68142078358091,-74.050342617393,"Femenino",2
0,0,"Femenino",2
4.74448639080935,-74.0540064772796,"Masculino",2
4.76227400961193,-74.0326840655047,"Masculino",2
4.7492248471893,-74.0553177327297,"Femenino",2
4.6312223024717,-74.0730723272779,"Femenino",2
4.61329528168089,-74.1368027207769,"Femenino",2
4.74884113033287,-74.0900865177034,"Femenino",2
4.72693299405323,-74.1234920386124,"Femenino",2
4.71628093907463,-74.0393386566999,"Femenino",2
4.74825614601235,-74.0901318239199,"Femenino",2
4.60479679336426,-74.1167877040313,"Femenino",2
4.69372700238209,-74.0266204784415,"Masculino",2
4.6912499859691,-74.068414769347,"Masculino",2
4.6084836995228,-74.0806546630402,"Masculino",2
4.68396150922457,-74.0561114183398,"Femenino",2
4.64758959295327,-74.1377436977596,"Femenino",2
4.70350347364648,-74.0904732869642,"Femenino",2
4.59777578733571,-74.0892260355753,"Masculino",2
0,0,"Femenino",2
4.64580107541968,-74.0696148315872,"Femenino",2
4.73347185805112,-74.0261212705068,"Masculino",2
4.54379609455857,-74.1107186931659,"Masculino",2
0,0,"Masculino",2
4.67489994994368,-74.0501371648778,"Masculino",2
4.65849195748955,-74.1183936989153,"Masculino",2
4.70356964637368,-74.0446878236731,"Femenino",2
0,0,"Masculino",2
4.67584344018231,-74.0965402473817,"Femenino",2
4.72774363715539,-74.1169422165891,"Masculino",2
4.62339010392333,-74.1333151730693,"Masculino",2
4.68034441568715,-74.1088770671138,"Masculino",2
4.66692315655,-74.0473378200153,"Femenino",2
0,0,"Masculino",2
4.65849435246015,-74.0531662202912,"Femenino",2
4.75953712236737,-74.038647841092,"Femenino",2
4.74789209761021,-74.0434347094434,"Masculino",2
4.74995438193602,-74.0930876114956,"Masculino",2
4.64545027813705,-74.0827242994714,"Masculino",2
4.5952087654294,-74.150392118277,"Femenino",2
4.67549798268482,-74.0544273831498,"Masculino",2
0,0,"Masculino",2
0,0,"Femenino",2
4.6449613901243,-74.0697601597962,"Femenino",2
4.73123020947043,-74.0509369606508,"Masculino",2
4.73519500262788,-74.0357878076395,"Masculino",2
4.7050732383126,-74.0622934581584,"Femenino",2
4.584373365329,-74.1148805404016,"Femenino",2
4.58294891228075,-74.142221158953,"Masculino",2
4.7149688359857,-74.0365311597086,"Femenino",2
4.68164379782726,-74.0553852050084,"Femenino",2
4.71743266925187,-74.0811463147368,"Masculino",2
4.72164764698502,-74.072059230433,"Femenino",2
4.69604094426246,-74.0634625878185,"Masculino",2
4.67907927723516,-74.0779406226844,"Femenino",2
4.634154457738,-74.1256363710371,"Femenino",2
4.72440757424044,-74.1205579771869,"Masculino",2
4.6324993556093,-74.1451985571207,"Masculino",2
4.75351912259145,-74.1002940381068,"Femenino",2
4.67301538783594,-74.0818754306551,"Masculino",2
4.66683553913523,-74.1182280736136,"Femenino",2
4.57073323807373,-74.0898285171357,"Masculino",2
4.69945019080459,-74.044935843826,"Femenino",2
0,0,"Femenino",2
4.6625836692307,-74.0740685467628,"Femenino",2
4.57946244545383,-74.1322847909665,"Femenino",2
4.69736889655821,-74.0480018927205,"Femenino",2
0,0,"Femenino",2
4.73331554207336,-74.0330545410224,"Masculino",2
4.61854877018891,-74.0690046461121,"Femenino",2
4.64202845412355,-74.1121616884464,"Masculino",2
4.59120309210581,-74.0743421338232,"Femenino",2
0,0,"Femenino",2
4.63872778076484,-74.0737104778487,"Femenino",2
4.64144891799473,-74.1441583799382,"Masculino",2
4.71462060309107,-74.1247048589263,"Masculino",2
4.69700481715459,-74.0617474360709,"Masculino",2
4.68012476387087,-74.073274509171,"Masculino",2
4.69140909335208,-74.0512975404031,"Femenino",2
4.65901465754824,-74.0505441168411,"Femenino",2
4.68125426023292,-74.0408615748434,"Masculino",2
4.65640462979702,-74.136771604846,"Masculino",2
4.69579107048715,-74.0612394867678,"Femenino",2
4.68080790290264,-74.0482754135254,"Masculino",2
4.69917349061109,-74.0420570137587,"Masculino",2
4.70602546460252,-74.1128128613721,"Femenino",2
4.68239740085636,-74.1413535694606,"Masculino",2
4.72459778740605,-74.0206836529127,"Femenino",2
4.67974179112991,-74.0808564599588,"Femenino",2
4.64675315674491,-74.095042133315,"Femenino",2
4.693534338787,-74.0878019788098,"Masculino",2
4.66693329071928,-74.0581352714736,"Femenino",2
0,0,"Femenino",2
4.73945354490264,-74.0437908686388,"Femenino",2
4.72113710808156,-74.0675497742385,"Femenino",2
4.76393741446403,-74.0429315595482,"Masculino",2
0,0,"Masculino",2
4.62272864870106,-74.1304521223953,"Femenino",2
4.67939604494952,-74.0788749651995,"Femenino",2
0,0,"Femenino",2
4.68635823248983,-74.0490260815517,"Femenino",2
4.71037383192198,-74.1193610800486,"Masculino",2
4.69793400886461,-74.0747790814557,"Femenino",2
4.67359887739487,-74.1231299433894,"Masculino",2
4.73770607051757,-74.0985419080578,"Femenino",2
4.63862005628945,-74.0791642948924,"Masculino",2
4.76723715733416,-74.0450614439676,"Masculino",2
0,0,"Masculino",2
4.68491573380925,-74.0570122609162,"Masculino",2
4.64305428241619,-74.1290727033431,"Masculino",2
4.74784380990291,-74.0331943325739,"Femenino",2
4.70627675781647,-74.0513245138053,"Femenino",2
4.68469816449402,-74.045145667219,"Masculino",2
4.74401945136251,-74.0643609182311,"Femenino",2
4.72977769020019,-74.0469580310464,"Femenino",2
4.57524859489024,-74.0981611444907,"Femenino",2
4.5911336881293,-74.0917143320921,"Femenino",2
4.68955994396527,-74.0506084720054,"Femenino",2
4.62777179228917,-74.0784362445826,"Masculino",2
4.69512297800713,-74.0443230237693,"Femenino",2
4.6317931064868,-74.0823554941384,"Femenino",2
4.68012476387087,-74.073274509171,"Masculino",2
4.59726873908781,-74.0717253856277,"Masculino",2
4.69853609846943,-74.0375595799498,"Femenino",2
4.68140556418181,-74.0980859401646,"Masculino",2
4.69016754523415,-74.1002966709394,"Masculino",2
4.73076234244274,-74.0563894599985,"Masculino",2
4.61821948792477,-74.1197052096558,"Masculino",2
0,0,"Masculino",2
4.58605978051138,-74.1418708482137,"Femenino",2
4.67007170515774,-74.1112197621178,"Femenino",2
4.64368703194948,-74.0636728225796,"Masculino",2
4.59638803338196,-74.0809586562134,"Femenino",2
4.68279067967384,-74.0459562642308,"Masculino",2
4.62533874721057,-74.1343904115271,"Masculino",2
4.69054132190046,-74.0428812545399,"Masculino",2
4.67056400691306,-74.1297218108782,"Femenino",2
0,0,"Femenino",2
4.70835954149606,-74.0919013465941,"Femenino",2
4.66452243149216,-74.1333137323231,"Masculino",2
4.64630645934679,-74.0682149223006,"Femenino",2
4.63760932241572,-74.0912794861983,"Femenino",2
4.76542445450404,-74.0476851791473,"Masculino",2
4.66727785585498,-74.1281789152366,"Femenino",2
4.71088745065035,-74.0591051543385,"Femenino",2
4.74204978845529,-74.1073380870342,"Femenino",2
4.67853820854413,-74.0915824354048,"Masculino",2
4.67048313102391,-74.0531223081071,"Masculino",2
4.49876604206992,-74.1134917164245,"Masculino",2
0,0,"Femenino",2
4.73331554207336,-74.0330545410224,"Femenino",2
4.73263827205567,-74.057848022062,"Femenino",2
4.62888328867826,-74.201156420888,"Femenino",2
4.70327649129499,-74.046573348236,"Masculino",2
4.65582626125168,-74.0526590494013,"Masculino",2
0,0,"Masculino",2
4.71892194180745,-74.0788762533183,"Femenino",2
4.67707926456701,-74.1050303994102,"Femenino",2
4.69451273126837,-74.043727124925,"Femenino",2
4.60025402962743,-74.1231599801105,"Femenino",2
4.64236649365141,-74.1286624683531,"Femenino",2
4.63765470206934,-74.0792224127956,"Masculino",2
4.71091938721875,-74.1318999696484,"Masculino",2
4.63805351678024,-74.0706710098613,"Femenino",2
4.73346790476589,-74.0330905675479,"Masculino",2
4.63212917584129,-74.0625651281925,"Masculino",2
0,0,"Femenino",2
4.70592254081116,-74.1267724382945,"Masculino",2
4.72373238694436,-74.0351025419548,"Masculino",2
4.62285335288115,-74.0762340190343,"Masculino",2
4.69858032407224,-74.0706919446721,"Femenino",2
4.67818141793514,-74.0540031784694,"Femenino",2
4.60081776979109,-74.0792970872795,"Masculino",2
4.67814628829764,-74.1075396754049,"Masculino",2
4.7181698308586,-74.111140431437,"Femenino",2
4.64956889153154,-74.059808343744,"Masculino",2
4.74771624611471,-74.0648961754909,"Femenino",2
4.72094324020792,-74.1081237717753,"Femenino",2
4.63107497781382,-74.065174578525,"Femenino",2
4.60331282857536,-74.1038377417133,"Femenino",2
4.72367786603451,-74.1167929862749,"Masculino",2
4.6603713047868,-74.1196486485069,"Femenino",2
0,0,"Femenino",2
4.68484825606991,-74.0612788682371,"Masculino",2
4.5965320108193,-74.1145904316452,"Femenino",2
4.71580325747347,-74.0374743543961,"Femenino",2
0,0,"Femenino",2
4.72246502001163,-74.1314615867186,"Femenino",2
4.74851933209924,-74.0922900749044,"Masculino",2
4.61857531364708,-74.1311979696294,"Masculino",2
4.75973876969774,-74.1056115201226,"Masculino",2
4.70186316482563,-74.0930941466694,"Masculino",2
4.67296916312793,-74.121690863851,"Masculino",2
4.67381194820305,-74.104653250715,"Masculino",2
4.6714838060191,-74.0578169533744,"Femenino",2
4.57499708325785,-74.1299683196578,"Masculino",2
4.60145887127903,-74.0688702478329,"Masculino",2
4.67630965194673,-74.051020346788,"Femenino",2
4.67013508503131,-74.0572933088202,"Masculino",2
4.69055786213739,-74.0437035061011,"Masculino",2
4.64306261015347,-74.0649477693104,"Femenino",2
4.66534370575742,-74.1553846401112,"Femenino",2
0,0,"Femenino",2
4.60150306588418,-74.1555852527694,"Femenino",2
4.65611300859785,-74.1178424276597,"Masculino",2
4.65427980941994,-74.0557414189428,"Masculino",2
0,0,"Masculino",2
4.67733435992735,-74.1393387039783,"Femenino",2
4.64208943197437,-74.1027400352273,"Femenino",2
4.6992754359284,-74.0667249413607,"Masculino",2
0,0,"Femenino",2
4.68981779124929,-74.053275642543,"Masculino",2
4.74292054571177,-74.0566894900807,"Masculino",2
4.63900047543056,-74.1499522460673,"Masculino",2
4.57615552002361,-74.1344811108921,"Masculino",2
4.68790491451419,-74.1191984972871,"Femenino",2
0,0,"Masculino",2
4.65700481358812,-74.0585715226765,"Masculino",2
4.63341552286178,-74.1389085724826,"Masculino",2
0,0,"Femenino",2
4.7258147872385,-74.0297331495393,"Femenino",2
4.64108671306444,-74.0760179967832,"Masculino",2
4.64480301474733,-74.0844290702381,"Masculino",2
4.69148864410591,-74.0425378206537,"Masculino",2
4.67130269811574,-74.1268160878647,"Masculino",2
4.65639783701612,-74.0500739201056,"Masculino",2
4.69951383408781,-74.1240226927244,"Femenino",2
4.75126210277565,-74.0571609811316,"Masculino",2
4.70365402901955,-74.0901588093736,"Femenino",2
4.61066573868228,-74.1145322111562,"Masculino",2
4.64733327692088,-74.1293723870987,"Masculino",2
4.68867217741868,-74.030134603615,"Masculino",2
0,0,"Masculino",2
4.68955974069237,-74.070997764289,"Femenino",2
4.67719744866097,-74.0421419869687,"Masculino",2
0,0,"Masculino",2
4.73732457631873,-74.0375041768405,"Masculino",2
4.64847781367591,-74.168335674089,"Masculino",2
0,0,"Femenino",2
4.59091652496173,-74.0760319171256,"Masculino",2
4.71777097446513,-74.0299578166134,"Masculino",2
4.58363889777262,-74.0917209354093,"Masculino",2
4.62574146926647,-74.1701528773902,"Femenino",2
4.66999160109636,-74.0631714898866,"Masculino",2
4.71317974202008,-74.0702369411016,"Masculino",2
4.70679985829621,-74.0326252905622,"Masculino",2
4.66942209077811,-74.1164305968553,"Masculino",2
4.64453529865078,-74.1049112122482,"Femenino",2
4.60478311943404,-74.0845904403468,"Femenino",2
4.7125612640487,-74.1232909900368,"Masculino",2
4.71651327972334,-74.04878470269,"Masculino",2
4.7177733680283,-74.0731463492749,"Masculino",2
4.68246950613741,-74.050586554396,"Masculino",2
4.70075518911209,-74.032390982183,"Masculino",2
4.61691731443771,-74.154470017245,"Femenino",2
4.68749980760295,-74.0492585292955,"Masculino",2
4.67990341106035,-74.0456177657832,"Femenino",2
4.69459537431152,-74.0466299081793,"Femenino",2
4.71179520482838,-74.0300135179893,"Masculino",2
4.64480301474733,-74.0844290702381,"Femenino",2
4.70053319324672,-74.0361507650027,"Femenino",2
4.61368137464997,-74.1781190952194,"Masculino",2
0,0,"Femenino",2
4.73154615218799,-74.0283072775676,"Femenino",2
4.59550601955404,-74.1281985312522,"Femenino",2
4.72254515972868,-74.0607297589568,"Femenino",2
4.60405107179502,-74.0695260502258,"Masculino",2
4.62434010250509,-74.1766173438853,"Femenino",2
4.67743680051167,-74.063959839194,"Femenino",2
4.65213993813469,-74.0586520194118,"Masculino",2
4.61757522846109,-74.0689551430118,"Masculino",2
4.64507063879718,-74.0901214106996,"Masculino",2
4.68314633892869,-74.1061094208241,"Masculino",2
0,0,"Femenino",2
4.62969689964864,-74.072622191758,"Femenino",2
4.60433698123658,-74.1490930059935,"Femenino",2
0,0,"Masculino",2
4.61058439745827,-74.1453587242616,"Masculino",2
4.71567921488562,-74.0601106048991,"Femenino",2
4.67545083644375,-74.1101036526737,"Femenino",2
4.75229200950708,-74.0534920111111,"Femenino",2
4.6678308439049,-74.0768476543625,"Masculino",2
4.67421317707386,-74.1220635204589,"Femenino",2
4.62796107376334,-74.0743468949901,"Femenino",2
4.68114371146049,-74.0473077068216,"Femenino",2
4.59626538534387,-74.0693690743467,"Femenino",2
4.60241854195537,-74.0650854410988,"Femenino",2
4.71777392181606,-74.114048287676,"Masculino",2
0,0,"Masculino",2
4.6165069216738,-74.1466844280645,"Femenino",2
4.6384872891078,-74.0733254240106,"Femenino",2
4.65611300859785,-74.1178424276597,"Masculino",2
4.6640845666239,-74.0833100128646,"Femenino",2
4.64979509431528,-74.0702552069611,"Femenino",2
4.64654641301239,-74.098807989684,"Masculino",2
4.66625265223349,-74.152711604583,"Femenino",2
4.64305428241619,-74.1290727033431,"Femenino",2
4.6036582873054,-74.1788362908162,"Femenino",2
4.63651877115471,-74.1394827078858,"Masculino",2
4.6923339374427,-74.046175768085,"Femenino",2
4.65567074867083,-74.1051878110096,"Femenino",2
4.59516363955519,-74.1163425455728,"Masculino",2
4.56989011780837,-74.1573394262829,"Femenino",2
0,0,"Masculino",2
4.76114544854228,-74.0357883548279,"Masculino",2
4.70874787137376,-74.0594933734858,"Masculino",2
4.7406846481304,-74.0446456869155,"Masculino",2
4.75086350400357,-74.0922034236103,"Masculino",2
4.66329748524799,-74.048259389249,"Femenino",2
4.58805945072559,-74.0891605730545,"Femenino",2
4.64768291685371,-74.0580833623472,"Masculino",2
4.63491378985525,-74.0645779010054,"Femenino",2
4.64567091894649,-74.1062199429643,"Femenino",2
4.71061387157116,-74.1164799692423,"Masculino",2
4.61611921312755,-74.1278376796236,"Femenino",2
4.68405513722867,-74.0565219315058,"Femenino",2
4.7341679645563,-74.0559803391934,"Femenino",2
4.70036957478578,-74.1308046201213,"Femenino",2
4.69031922863325,-74.0401950225188,"Masculino",2
0,0,"Femenino",2
4.73360820788236,-74.0580317989249,"Masculino",2
4.70388118071867,-74.0530606142354,"Femenino",2
4.50108162320882,-74.1070607058353,"Masculino",2
0,0,"Masculino",2
4.74086442287589,-74.0353535178767,"Masculino",2
4.64236523189489,-74.1347809962335,"Masculino",2
0,0,"Masculino",2
4.68901527049282,-74.0727518221786,"Masculino",2
4.67990341106035,-74.0456177657832,"Femenino",2
4.72906984621632,-74.0549514092882,"Masculino",2
0,0,"Femenino",2
4.65816298093899,-74.071674266459,"Masculino",2
4.6719689881297,-74.0506185884446,"Femenino",2
4.62121431289277,-74.10525191225,"Masculino",2
4.61184715385388,-74.1614053637275,"Masculino",2
4.72820072554879,-74.0641921188806,"Femenino",2
4.60591536212752,-74.1063414887615,"Masculino",2
4.73968477214562,-74.045028586155,"Femenino",2
4.68258254236771,-74.0506704381499,"Masculino",2
4.66957699535597,-74.1244320451689,"Femenino",2
4.65003482490021,-74.0569469417182,"Femenino",2
4.68521670549756,-74.1459906256008,"Femenino",2
4.73728798774516,-74.0520150963835,"Masculino",2
4.6180237288786,-74.1727948152516,"Femenino",2
4.57333881365753,-74.1280949608391,"Femenino",2
4.61019689526819,-74.111102132399,"Femenino",2
4.72677351381138,-74.0265919356457,"Masculino",2
4.59867787203822,-74.0737661090635,"Masculino",2
0,0,"Masculino",2
4.61976631461428,-74.1302810589377,"Masculino",2
4.68219690663,-74.0617120090341,"Femenino",2
4.75357995449993,-74.1027267373521,"Femenino",2
4.59297140191254,-74.1067165515524,"Femenino",2
4.66767224020389,-74.0621887580979,"Femenino",2
4.75257676663375,-74.0984845455257,"Masculino",2
4.75429455510157,-74.107192353351,"Femenino",2
4.61400254912279,-74.1486439573001,"Masculino",2
4.70739302611534,-74.0694314921153,"Femenino",2
4.59372940788273,-74.1638233578534,"Femenino",2
0,0,"Femenino",2
4.72912916077612,-74.0991116700659,"Femenino",2
4.61480777386646,-74.1732014764083,"Masculino",2
4.64188191640479,-74.0879260843264,"Femenino",2
4.63151411066763,-74.0633734532037,"Femenino",2
4.67373517906521,-74.0547313955792,"Femenino",2
4.64447941840754,-74.100502598865,"Masculino",2
4.73430139128986,-74.0558492634714,"Masculino",2
4.6640845666239,-74.0833100128646,"Femenino",2
4.70094045850217,-74.0512736836432,"Femenino",2
4.66914751538246,-74.0848652822399,"Masculino",2
4.63584787978776,-74.0716780642362,"Masculino",2
4.75361418413848,-74.100511580582,"Masculino",2
4.59901756372538,-74.0997147810074,"Femenino",2
4.64560300731347,-74.0868054043993,"Masculino",2
4.69101526392471,-74.0417432926501,"Masculino",2
4.66438068470603,-74.072168297971,"Masculino",2
4.70334968353965,-74.0483257605413,"Masculino",2
4.64108418719606,-74.1017531551189,"Masculino",2
4.70506941995175,-74.0690983031364,"Masculino",2
4.7447112701929,-74.036326691788,"Masculino",2
4.65870906326557,-74.0607930755779,"Masculino",2
10.9956305445262,-74.7972281389175,"Masculino",2
4.66289007359049,-74.0547503000601,"Masculino",2
4.60839095192133,-74.1169049036609,"Masculino",2
4.67810995145315,-74.0401578557704,"Femenino",2
4.64225739114622,-74.0676692050119,"Femenino",2
4.72394044064678,-74.0683706490939,"Femenino",2
4.67782892503464,-74.0635928205522,"Masculino",2
4.7457350331144,-74.0912859444951,"Masculino",2
4.68625909793071,-74.043864384414,"Femenino",2
4.71215655497695,-74.0475362700046,"Masculino",2
4.61930958588082,-74.0694444734014,"Femenino",2
4.74835791726428,-74.0494857812619,"Masculino",2
4.76039021033932,-74.038422234109,"Masculino",2
4.76039021033932,-74.038422234109,"Femenino",2
4.61419802306426,-74.0661840798889,"Masculino",2
4.68105678716161,-74.0540133220252,"Femenino",2
4.68213950408531,-74.0774301502137,"Femenino",2
4.6600714969881,-74.1093325175829,"Femenino",2
4.66662050866765,-74.1419690103773,"Femenino",2
4.69255812768467,-74.0383228309975,"Masculino",2
4.75108314768801,-74.0668044369745,"Masculino",2
4.64411506610827,-74.0854746864626,"Femenino",2
4.7469913814702,-74.035787031236,"Femenino",2
4.56534969474185,-74.1453408951956,"Femenino",2
4.61188051053706,-74.0952069551543,"Masculino",2
4.65138603897131,-74.0500622311943,"Femenino",2
4.73209020172423,-74.0974582371595,"Femenino",2
4.66833060063995,-74.0499080029672,"Masculino",2
4.59886404849109,-74.0812962258842,"Masculino",2
4.68106596963456,-74.0473463776301,"Femenino",2
4.62338462632227,-74.1538679001795,"Femenino",2
4.59338763506365,-74.0768825335719,"Masculino",2
4.70255294308341,-74.0565389638074,"Femenino",2
4.71406496005382,-74.031367548661,"Femenino",2
4.60149346988719,-74.0708517087367,"Femenino",2
4.70388730329562,-74.0991641964281,"Masculino",2
4.73731026284571,-74.1063532780963,"Masculino",2
4.62345568799024,-74.1610057879534,"Masculino",2
0,0,"Masculino",2
4.66957699535597,-74.1244320451689,"Masculino",2
4.7206901905429,-74.037236847325,"Masculino",2
4.59635896017617,-74.0763038025449,"Masculino",2
0,0,"Masculino",2
4.58060059653413,-74.1094521589547,"Masculino",2
0,0,"Masculino",2
4.72300895973882,-74.0235730278578,"Masculino",2
4.66725618170683,-74.1192720820808,"Femenino",2
4.56738310891088,-74.147345806694,"Femenino",2
4.58448962061286,-74.0840239087151,"Femenino",2
4.67708610205446,-74.0440228702645,"Femenino",2
4.69227449548361,-74.0518045243389,"Masculino",2
4.61430843965079,-74.0647990853506,"Femenino",2
4.64307961078658,-74.086763973693,"Masculino",2
4.69538114542445,-74.0613083853528,"Masculino",2
4.6912499859691,-74.068414769347,"Masculino",2
4.63528937240747,-74.0961890072796,"Femenino",2
4.66343321419127,-74.123824831529,"Masculino",2
4.72363970561636,-74.0274885090878,"Masculino",2
4.60808260233349,-74.1203821965441,"Masculino",2
4.62027708534212,-74.1385452921528,"Masculino",2
4.59333638683426,-74.0943114673064,"Masculino",2
4.63013347404942,-74.1088191164061,"Masculino",2
4.60446178210578,-74.1135672338567,"Femenino",2
4.70114707688463,-74.0904981350409,"Masculino",2
4.66172410060593,-74.1087523004466,"Femenino",2
4.72255116413841,-74.130274736708,"Femenino",2
0,0,"Masculino",2
4.69317047837008,-74.069884745241,"Femenino",2
0,0,"Masculino",2
4.72479980597113,-74.0632896299204,"Masculino",2
4.70597655422847,-74.1126170519973,"Femenino",2
4.70583242313984,-74.0425162862539,"Femenino",2
4.76281538225336,-74.0399607905855,"Masculino",2
4.64278794593429,-74.0599796917929,"Masculino",2
4.67028521278576,-74.0452063598146,"Femenino",2
4.68112474299429,-74.0436654191232,"Femenino",2
0,0,"Masculino",2
4.73581560101479,-74.0578080689707,"Masculino",2
4.62424554709925,-74.1407370686294,"Masculino",2
4.62386419947045,-74.1528531035997,"Femenino",2
4.75329439864454,-74.0424744590352,"Femenino",2
4.68295931939133,-74.1528316301753,"Masculino",2
4.6807556448264,-74.0481762548263,"Masculino",2
4.69159217331311,-74.0974376815105,"Masculino",2
4.73957737547074,-74.0628734679002,"Masculino",2
4.68891864893884,-74.0359681173701,"Femenino",2
4.59936805781719,-74.0746279317853,"Femenino",2
4.60281417973255,-74.1516757171504,"Masculino",2
0,0,"Femenino",2
4.61488614597324,-74.1130539322422,"Masculino",2
4.76610878892894,-74.0667796443906,"Masculino",2
4.72632722481041,-74.1119967271269,"Femenino",2
4.75639552968956,-74.0547658246753,"Masculino",2
4.70047579313795,-74.1283902208926,"Masculino",2
4.64694011617547,-74.1033647853059,"Femenino",2
4.62911079159389,-74.0877836988241,"Masculino",2
4.65924043635221,-74.0578794296413,"Masculino",2
4.59652088231071,-74.0715481558494,"Femenino",2
4.70360404650351,-74.0524227324146,"Femenino",2
4.59547360202832,-74.1205064356732,"Femenino",2
4.66239942594919,-74.1372757774159,"Femenino",2
0,0,"Masculino",2
4.7065087754863,-74.0911679843758,"Masculino",2
4.71555174652709,-74.0342884843011,"Femenino",2
4.7410878505663,-74.1076901680616,"Femenino",2
4.7481445916364,-74.0386749799503,"Femenino",2
4.68830367607272,-74.1113892344015,"Masculino",2
4.70094045850217,-74.0512736836432,"Femenino",2
4.64504130211112,-74.0912488774132,"Masculino",2
4.69514851716197,-74.0457652854966,"Masculino",2
4.72880071999646,-74.069414110564,"Femenino",2
4.72158211594018,-74.1083864860806,"Masculino",2
4.716673128303,-74.0248878778725,"Masculino",2
4.60994786591305,-74.1481929332412,"Masculino",2
4.64717170586607,-74.0572561273009,"Masculino",2
4.62544893739423,-74.0849334424231,"Masculino",2
4.64563357609089,-74.1393321936198,"Masculino",2
4.72645383699584,-74.0980008874142,"Masculino",2
4.71869651563252,-74.1198874276248,"Masculino",2
4.69770063144432,-74.0779320115254,"Femenino",2
4.65075266052289,-74.0906475877741,"Femenino",2
0,0,"Femenino",2
4.70176085701813,-74.0352867048078,"Femenino",2
4.66175706987683,-74.1328390149621,"Masculino",2
4.75639552968956,-74.0547658246753,"Masculino",2
4.71476192189966,-74.0539666215937,"Masculino",2
4.66561837740299,-74.0671348892653,"Masculino",2
4.62279484362282,-74.1436572057753,"Masculino",2
4.70259427140431,-74.0428450661175,"Femenino",2
4.75696977115396,-74.1010181734534,"Femenino",2
4.64302433257089,-74.1292017958589,"Masculino",2
4.6715251258819,-74.1114012505336,"Masculino",2
4.67170026024042,-74.0545921753099,"Femenino",2
4.6929435437802,-74.0591259135286,"Femenino",2
4.58349919196797,-74.0779133757462,"Masculino",2
4.73656669937057,-74.0962709929441,"Femenino",2
4.62226959593194,-74.0707712540994,"Masculino",2
4.64535146443411,-74.0836913022766,"Masculino",2
4.67196248022689,-74.0941426294089,"Femenino",2
4.59302389205779,-74.0956686668283,"Masculino",2
4.7365031601712,-74.0849661939829,"Masculino",2
4.61194623951448,-74.0732014503262,"Masculino",2
4.72440757424044,-74.1205579771869,"Femenino",2
4.63149224872129,-74.0641838588943,"Femenino",2
4.59127356531187,-74.1657631679815,"Masculino",2
4.6944808004254,-74.069932279072,"Femenino",2
4.67102307709182,-74.0385806314543,"Masculino",2
4.69372046782845,-74.0334033953841,"Masculino",2
4.72359326272297,-74.0643472652511,"Femenino",2
4.6355526608575,-74.0961867654809,"Masculino",2
4.65250449959637,-74.0597804904409,"Femenino",2
4.70367575608602,-74.0289932269871,"Masculino",2
4.74779569354378,-74.0687968122299,"Masculino",2
4.73509353977587,-74.0511350304866,"Masculino",2
4.64330243772182,-74.0789868424916,"Femenino",2
0,0,"Femenino",2
0,0,"Masculino",2
4.74362085916481,-74.0630561642575,"Femenino",2
4.63005159811881,-74.149982580833,"Masculino",2
4.59940955642263,-74.0708264083406,"Masculino",2
4.65363556989369,-74.1582790265118,"Femenino",2
4.72707220025985,-74.040402824993,"Masculino",2
0,0,"Femenino",2
4.62135817834174,-74.1411357030027,"Femenino",2
4.64003542812756,-74.1007733604787,"Masculino",2
4.71174619521199,-74.1354327551313,"Femenino",2
4.59436457048344,-74.0768977124108,"Femenino",2
0,0,"Masculino",2
4.62754210793524,-74.1422536565254,"Masculino",2
4.6799841928458,-74.0625425500955,"Masculino",2
4.61320569883525,-74.1446113836812,"Femenino",2
0,0,"Masculino",2
4.72244271220444,-74.0474837673764,"Femenino",2
0,0,"Masculino",2
4.7027065745512,-74.1176846593832,"Masculino",2
4.69549763782158,-74.0520487755911,"Femenino",2
4.73437762198773,-74.1034280802959,"Masculino",2
4.70356122619412,-74.0693116656844,"Masculino",2
4.6125994428578,-74.0819268881177,"Femenino",2
4.72524401542549,-74.0419396038955,"Masculino",2
4.67603624926964,-74.0485145908499,"Masculino",2
4.67152151140307,-74.0621355511606,"Masculino",2
4.63170395593867,-74.0787673647372,"Masculino",2
4.74285472917161,-74.0571002403275,"Femenino",2
4.63508540921886,-74.1186105331561,"Masculino",2
4.70111128219478,-74.0396175786632,"Femenino",2
4.65098148810401,-74.1108862775068,"Femenino",2
4.75021515304931,-74.0624799327993,"Femenino",2
4.69040008050414,-74.0414986966791,"Masculino",2
4.6147552467369,-74.1588906261622,"Masculino",2
0,0,"Femenino",2
4.67496198219289,-74.1030224992696,"Femenino",2
4.66620545510317,-74.0699875574083,"Femenino",2
4.6636933522642,-74.0562314904543,"Femenino",2
4.73494725104353,-74.0525647071973,"Masculino",2
4.57605655585209,-74.1290642018198,"Masculino",2
4.63115182824709,-74.0789426851635,"Femenino",2
4.74732257037349,-74.0380922024555,"Femenino",2
0,0,"Masculino",2
4.69024557789008,-74.0485665474062,"Femenino",2
4.68979319351761,-74.0522672813368,"Masculino",2
4.63129060286297,-74.078750353109,"Femenino",2
4.62057425925494,-74.0937872203178,"Masculino",2
4.60527323024271,-74.1264488306124,"Femenino",2
0,0,"Femenino",2
4.62223828011838,-74.0747358734773,"Masculino",2
4.74724233820938,-74.0653995440481,"Masculino",2
4.59254129577827,-74.157135103065,"Masculino",2
11.0000105988432,-74.8304614641065,"Femenino",2
4.67651852654317,-74.0567085918424,"Femenino",2
4.65359495148079,-74.0854003651483,"Masculino",2
4.64892677580049,-74.0706664890702,"Masculino",2
0,0,"Femenino",2
4.74459713342357,-74.0857015661571,"Masculino",2
4.72887134934001,-74.0285701008669,"Femenino",2
3.44912334966138,-76.5374294636696,"Femenino",2
0,0,"Masculino",2
4.69574804620738,-74.062700681787,"Masculino",2
4.75838805001347,-74.0998539447682,"Masculino",2
4.71712262789999,-74.1164590255581,"Masculino",2
4.73394740778378,-74.0871996393695,"Femenino",2
0,0,"Femenino",2
4.61557307900055,-74.1721178283693,"Femenino",2
4.63131981814392,-74.0634238083902,"Masculino",2
3.48702448853733,-76.5307211027965,"Femenino",2
4.69517660817985,-74.0823817510082,"Masculino",2
4.67872748865488,-74.042096111524,"Femenino",2
4.76026199624333,-74.0380260767105,"Femenino",2
4.69333922250671,-74.0989095044468,"Femenino",2
4.72366968857226,-74.0261780772307,"Masculino",2
4.62180259080522,-74.1246354365511,"Masculino",2
4.65653257124873,-74.051844725879,"Masculino",2
4.76726358847073,-74.0468711906071,"Femenino",2
4.59788907274279,-74.1634221218522,"Masculino",2
4.56598431514209,-74.1288298576753,"Femenino",2
4.67603295901015,-74.0785112216554,"Masculino",2
4.6149661411926,-74.1144570005381,"Masculino",2
4.63022540596916,-74.0686012144343,"Femenino",2
4.65733058934942,-74.106243690802,"Femenino",2
4.71705802882252,-74.1166610667008,"Femenino",2
4.73060684799716,-74.0307547315361,"Masculino",2
4.60629680331284,-74.0893704012654,"Masculino",2
4.74388049155145,-74.0639350654046,"Masculino",2
0,0,"Femenino",2
4.6696562562547,-74.1380640445579,"Femenino",2
4.5895809178739,-74.0948706674588,"Femenino",2
0,0,"Femenino",2
4.73773938046177,-74.0889022405238,"Masculino",2
0,0,"Femenino",2
0,0,"Masculino",2
4.69973638486697,-74.1178898868791,"Femenino",2
4.68373878023178,-74.0458789650426,"Masculino",2
0,0,"Masculino",2
4.74388049155145,-74.0639350654046,"Femenino",2
4.5390828009298,-74.1421391649959,"Femenino",2
4.60255129978987,-74.0835915275577,"Masculino",2
4.71023448535469,-74.066526780063,"Femenino",2
0,0,"Femenino",2
4.64102026026327,-74.0762563819345,"Masculino",2
4.67049448573322,-74.0449028421065,"Femenino",2
4.6603713047868,-74.1196486485069,"Masculino",2
4.67368395350511,-74.059349179269,"Femenino",2
4.74049307472039,-74.0339946616308,"Femenino",2
0,0,"Femenino",2
4.73452232714573,-74.0593664325653,"Masculino",2
4.69464443092551,-74.0800466726996,"Masculino",2
4.64831315628867,-74.054686347059,"Femenino",2
4.75315311970376,-74.0826726517867,"Masculino",2
3.43644529038018,-76.5010068105861,"Femenino",2
4.62683293209848,-74.1465635423118,"Masculino",2
4.70618135675246,-74.0365206377353,"Masculino",2
4.76523670963094,-74.045895931541,"Femenino",2
4.67882300568849,-74.0535500085835,"Femenino",2
4.67020499281689,-74.1297698588601,"Masculino",2
4.69589200499643,-74.1073088800386,"Masculino",2
4.65028631273853,-74.1638627661644,"Masculino",2
0,0,"Femenino",2
4.69858032407224,-74.0706919446721,"Masculino",2
4.76453283470779,-74.0377600485781,"Femenino",2
4.72259892058592,-74.1189672481963,"Masculino",2
4.71895031331497,-74.1247384877531,"Femenino",2
4.63220098457554,-74.1040659860515,"Masculino",2
4.70811933697699,-74.0341006158352,"Femenino",2
4.60501975464035,-74.0669694030581,"Femenino",2
4.7170759543704,-74.0293807527436,"Masculino",2
4.71052744285635,-74.1436354662123,"Masculino",2
4.73263240042012,-74.0849780569965,"Masculino",2
0,0,"Femenino",2
4.73263863760709,-74.0538578007089,"Femenino",2
4.64797448567942,-74.1657013973074,"Femenino",2
4.59703626853395,-74.1031285024534,"Femenino",2
4.62056720709973,-74.1644133819161,"Femenino",2
4.66908195209044,-74.1116135118347,"Femenino",2
4.58793382432289,-74.0749180609255,"Masculino",2
4.64491373703391,-74.1263427741323,"Femenino",2
4.73831197462002,-74.073592102994,"Masculino",2
4.69580764696084,-74.062700075397,"Femenino",2
4.70243949582951,-74.0558660984158,"Femenino",2
0,0,"Femenino",2
0,0,"Masculino",2
4.55943404855847,-74.0826216426819,"Femenino",2
4.70160410618639,-74.0944784983057,"Masculino",2
4.72714651795813,-74.1125641732575,"Femenino",2
4.73140602891038,-74.0896252240539,"Masculino",2
4.75017916832636,-74.0482162802584,"Masculino",2
4.74632641648946,-74.0319103385221,"Masculino",2
0,0,"Masculino",2
4.6921813393513,-74.0520241544072,"Masculino",2
4.7353510103811,-74.0600440511513,"Masculino",2
4.72629683914622,-74.0373348886877,"Femenino",2
4.58717023850449,-74.0721002062647,"Femenino",2
4.53374482592416,-74.0842897089226,"Femenino",2
4.72440808952234,-74.0640831978885,"Femenino",2
4.68003472235366,-74.1413873258288,"Masculino",2
4.75225768271273,-74.0990776448742,"Femenino",2
4.69597103163773,-74.0833729777949,"Femenino",2
0,0,"Femenino",2
4.63554377848364,-74.0765097271698,"Femenino",2
4.71382272612462,-74.0965679590676,"Femenino",2
4.749400565308,-74.0510215796815,"Masculino",2
4.60996003726398,-74.1350471224041,"Femenino",2
4.61618555985156,-74.082146985486,"Masculino",2
4.634154457738,-74.1256363710371,"Masculino",2
4.69359419114269,-74.0607687893883,"Femenino",2
0,0,"Masculino",2
4.68712504533207,-74.0339594126236,"Femenino",2
0,0,"Masculino",2
4.70724055665551,-74.0622519499294,"Masculino",2
4.64768291685371,-74.0580833623472,"Femenino",2
4.67464826747336,-74.0510664766377,"Femenino",2
4.62460401071233,-74.0862324408085,"Femenino",2
4.6884051317167,-74.0779952677397,"Femenino",2
4.6282385615774,-74.084786653244,"Femenino",2
4.69880190000673,-74.119037930167,"Femenino",2
0,0,"Femenino",2
4.73859979511784,-74.0431059472701,"Femenino",2
4.73140298274499,-74.0303962931938,"Masculino",2
4.67895513164966,-74.0525793086955,"Masculino",2
4.75560835392155,-74.0238617537591,"Masculino",2
4.69378936953931,-74.0460558400382,"Masculino",2
4.61904762807869,-74.1195701479187,"Femenino",2
4.61019054241823,-74.1729622508724,"Femenino",2
4.59539320241042,-74.083691522252,"Femenino",2
4.63462573324253,-74.0966128318396,"Femenino",2
4.65803056614561,-74.1306409174955,"Masculino",2
4.61692135422249,-74.067065002195,"Masculino",2
4.68036467055615,-74.1163743093201,"Femenino",2
4.67478436106,-74.0547905478387,"Masculino",2
4.64542773317095,-74.0576376871658,"Femenino",2
4.70127001468143,-74.0335095746225,"Masculino",2
4.69237902585572,-74.066001752327,"Masculino",2
4.73276789004003,-74.0529415977819,"Masculino",2
4.72987149553698,-74.0357707829454,"Masculino",2
0,0,"Femenino",2
4.67508917948406,-74.0742790162263,"Femenino",2
4.73452232714573,-74.0593664325653,"Masculino",2
0,0,"Femenino",2
4.63083635157761,-74.061834695718,"Masculino",2
0,0,"Femenino",2
4.67524124602694,-74.1108923542386,"Masculino",2
4.59254901212516,-74.0943508886322,"Masculino",2
4.75703975397659,-74.0491645343695,"Masculino",2
4.57277086084855,-74.0866678085392,"Femenino",2
4.65309964043981,-74.1087555940378,"Masculino",2
4.60101289870697,-74.1874442694275,"Masculino",2
4.7206901905429,-74.037236847325,"Femenino",2
4.69900020204708,-74.0985493004272,"Masculino",2
4.62691917952318,-74.0665900323346,"Masculino",2
4.65200104314818,-74.0847964956468,"Masculino",2
0,0,"Masculino",2
4.74771624611471,-74.0648961754909,"Masculino",2
4.68848935908081,-74.0312813469029,"Femenino",2
4.6582961885742,-74.0706230553801,"Masculino",2
0,0,"Femenino",2
4.75666361208215,-74.1069022248183,"Femenino",2
4.57876218198512,-74.1350673963799,"Femenino",2
4.74884113033287,-74.0900865177034,"Masculino",2
4.65198968587411,-74.0503830032555,"Masculino",2
4.68764901628961,-74.0469257765416,"Masculino",2
4.76214700517775,-74.0351115213133,"Femenino",2
4.739256265693,-74.0574206919834,"Femenino",2
4.76712876257674,-74.0442322632288,"Masculino",2
4.62978480730339,-74.0647667758928,"Masculino",2
4.64403796090781,-74.1476053554662,"Femenino",2
4.67559719072052,-74.1073289825245,"Masculino",2
4.72207530513554,-74.0509179308096,"Femenino",2
4.74942899433108,-74.0841058399067,"Masculino",2
0,0,"Femenino",2
4.75430135248661,-74.066948961374,"Femenino",2
0,0,"Masculino",2
4.71265121216932,-74.118820868579,"Masculino",2
4.65664341653468,-74.0494003557163,"Masculino",2
4.61904170570976,-74.0716748275306,"Femenino",2
4.69873186162177,-74.0352878910239,"Femenino",2
4.5823311021878,-74.1214467245627,"Masculino",2
4.67734990358439,-74.0428083341697,"Femenino",2
4.73804713998493,-74.0285315133274,"Masculino",2
4.65037810170328,-74.054852831285,"Femenino",2
4.65462609095105,-74.0635710597702,"Femenino",2
0,0,"Femenino",2
0,0,"Masculino",2
4.64945514396054,-74.1088867884811,"Masculino",2
4.6505805090115,-74.108021375709,"Femenino",2
4.59883368164268,-74.0802920858164,"Masculino",2
4.62978480730339,-74.0647667758928,"Femenino",2
4.7000875494871,-74.0696273838782,"Masculino",2
4.68087370872996,-74.046740654792,"Femenino",2
4.72694602306185,-74.0265175750032,"Masculino",2
4.68946297135683,-74.1315261868709,"Femenino",2
4.67049448573322,-74.0449028421065,"Femenino",2
4.65456837473323,-74.0765502239485,"Femenino",2
4.75700859781594,-74.0959190146362,"Masculino",2
4.52945762668287,-74.1175545686076,"Femenino",2
4.65805320258591,-74.0517573402137,"Masculino",2
4.59994173861796,-74.1555364289775,"Femenino",2
0,0,"Masculino",2
0,0,"Masculino",2
4.66838686020193,-74.1033316209191,"Femenino",2
4.67551614631422,-74.1112192390881,"Masculino",2
4.68989463442591,-74.0562627198667,"Femenino",2
0,0,"Femenino",2
4.6732507922203,-74.0519323013786,"Masculino",2
4.65153676314352,-74.156665884889,"Femenino",2
4.69973436965512,-74.0398140507948,"Femenino",2
0,0,"Masculino",2
4.7159978966577,-74.0473986642354,"Femenino",2
4.76075054705462,-74.048878321394,"Femenino",2
4.69580172642605,-74.0390872231604,"Masculino",2
4.68963820237457,-74.0594928601303,"Femenino",2
4.73880172371596,-74.067022564177,"Femenino",2
4.56920051221807,-74.0921276572259,"Masculino",2
4.64234903587669,-74.1068818743214,"Masculino",2
4.72647667631827,-74.0727193614804,"Femenino",2
4.76605793517193,-74.0453421774175,"Femenino",2
0,0,"Femenino",2
4.69542533826746,-74.0542502586354,"Femenino",2
4.70028564589067,-74.0741190782063,"Masculino",2
4.6570083680701,-74.1087636284834,"Masculino",2
4.69672899139902,-74.1242019169885,"Femenino",2
4.72662063563769,-74.0450215876797,"Femenino",2
0,0,"Femenino",2
4.75808977658742,-74.0919659965078,"Masculino",2
4.64453529865078,-74.1049112122482,"Masculino",2
4.75506344971739,-74.1062962409726,"Femenino",2
4.65803056614561,-74.1306409174955,"Femenino",2
4.72137415583843,-74.1255173287507,"Masculino",2
4.7206901905429,-74.037236847325,"Masculino",2
4.6370285594058,-74.0651779959065,"Masculino",2
0,0,"Masculino",2
4.74496306851311,-74.0965863165573,"Femenino",2
4.67289991959647,-74.1218076963676,"Masculino",2
3.4072025529308,-76.5467611134709,"Femenino",2
4.66926023121979,-74.1278659543234,"Masculino",2
4.68686598842057,-74.0719524101087,"Femenino",2
4.55443548199329,-74.1096625590082,"Masculino",2
4.74612799944224,-74.0304953725283,"Femenino",2
4.5975934252815,-74.1212602667748,"Masculino",2
4.68691055168813,-74.0333247804876,"Masculino",2
4.71825774751978,-74.0311134795424,"Femenino",2
4.66589066105631,-74.0734940464353,"Masculino",2
4.61777008801104,-74.1181518089732,"Masculino",2
4.65037107304175,-74.1110593874865,"Masculino",2
0,0,"Masculino",2
4.64971203381888,-74.0504435767123,"Femenino",2
4.66361651216721,-74.0530489667118,"Masculino",2
4.7508733196805,-74.0657638495672,"Femenino",2
4.74528227388987,-74.0978474143847,"Femenino",2
4.64005299982437,-74.1513659863116,"Femenino",2
4.65460834486223,-74.1070617327652,"Masculino",2
4.69937547821749,-74.0466116609794,"Femenino",2
4.67446119147561,-74.061805224204,"Femenino",2
4.69228928690566,-74.0468571615656,"Masculino",2
4.73658131572604,-74.1084414670649,"Masculino",2
0,0,"Femenino",2
4.67279270392361,-74.1360598793608,"Masculino",2
4.67378923541053,-74.0643852554337,"Masculino",2
0,0,"Masculino",2
4.74147677425805,-74.0398949424024,"Femenino",2
4.60665146260998,-74.0788261845394,"Femenino",2
4.71626002433973,-74.0325675198311,"Femenino",2
4.60397186551975,-74.1095094974407,"Femenino",2
4.67306249517337,-74.0511626651448,"Masculino",2
4.70318524925903,-74.0565700923062,"Masculino",2
4.69852378529016,-74.0572288517651,"Masculino",2
4.65037107304175,-74.1110593874865,"Femenino",2
4.67153521063307,-74.0614697975746,"Masculino",2
4.69466217000063,-74.0356404754997,"Femenino",2
4.61708160392097,-74.1714110651216,"Masculino",2
4.60548342544854,-74.1727516363578,"Femenino",2
4.74321850024279,-74.0612839381433,"Masculino",2
4.68941731515989,-74.1314655728814,"Femenino",2
4.73942959881871,-74.0834026365391,"Femenino",2
10.4060603670109,-75.5543283332658,"Masculino",2
4.72013513365379,-74.034854919578,"Femenino",2
4.71065976937194,-74.1149758626046,"Masculino",2
4.61035910486144,-74.1072014038535,"Masculino",2
11.1879584579022,-74.2321269744071,"Femenino",2
4.75870361126552,-74.0447040659088,"Masculino",2
4.7353510103811,-74.0600440511513,"Masculino",2
4.64718389842381,-74.0627166710834,"Masculino",2
4.75429455510157,-74.107192353351,"Masculino",2
4.73957593058953,-74.0460171011821,"Masculino",2
0,0,"Masculino",2
4.60959819687131,-74.0927212825063,"Masculino",2
0,0,"Masculino",2
4.69496673989006,-74.1074820541445,"Femenino",2
4.76295255730076,-74.0691042040732,"Femenino",2
4.6696562562547,-74.1380640445579,"Femenino",2
4.63503711556198,-74.0946263961683,"Femenino",2
4.72982378600731,-74.118368898162,"Masculino",2
4.72269385808208,-74.0653020686643,"Femenino",2
4.69990749040675,-74.0437018139434,"Femenino",2
4.64214289317763,-74.1009220628129,"Masculino",2
4.61392761361604,-74.1204445062772,"Masculino",2
4.6798641843899,-74.0549697528777,"Masculino",2
4.73369069834406,-74.0552590091973,"Femenino",2
4.57577413662233,-74.1279171732928,"Masculino",2
3.32677528627556,-76.5314968023375,"Femenino",2
4.71952606845597,-74.1220382852286,"Femenino",2
4.64208943197437,-74.1027400352273,"Masculino",2
4.67588266481606,-74.0612878643398,"Femenino",2
4.7284490576857,-74.0463709808268,"Femenino",2
4.60719617682111,-74.1589041752436,"Masculino",2
4.7511695385791,-74.0977011960144,"Masculino",2
4.65200223236156,-74.0848707235941,"Masculino",2
4.68955994396527,-74.0506084720054,"Femenino",2
4.75603167674838,-74.1013469901981,"Masculino",2
4.64314500353516,-74.0620159654397,"Masculino",2
4.69864585300637,-74.1013916980241,"Femenino",2
4.64929199915104,-74.0860822022853,"Femenino",2
0,0,"Femenino",2
4.70435500692477,-74.0592312098934,"Femenino",2
4.67478562722087,-74.0528170873452,"Femenino",2
0,0,"Femenino",2
4.61961813245439,-74.1256433149228,"Femenino",2
4.74207387866725,-74.0855874490884,"Masculino",2
4.63048103347292,-74.1763952183652,"Masculino",2
4.73140298274499,-74.0303962931938,"Masculino",2
4.69059081139198,-74.052779731978,"Masculino",2
4.69114979824301,-74.0861986039499,"Masculino",2
4.67236965655424,-74.0615265367677,"Femenino",2
4.70852289170285,-74.1236519058093,"Masculino",2
4.61810305069249,-74.1273712856122,"Masculino",2
4.73452232714573,-74.0593664325653,"Femenino",2
4.70549476714058,-74.0309248051075,"Femenino",2
4.6721426857861,-74.0582830207167,"Femenino",2
4.7447112701929,-74.036326691788,"Femenino",2
4.6888649920483,-74.0649460407969,"Femenino",2
0,0,"Femenino",2
0,0,"Masculino",2
4.66677924597079,-74.0488731677054,"Femenino",2
4.73708205742721,-74.0597489359367,"Femenino",2
4.60822368261574,-74.13792092205,"Femenino",2
5.0684022982301,-75.4949369636166,"Masculino",2
4.64004690156081,-74.1272789434095,"Masculino",2
4.65047710808662,-74.0628515053327,"Masculino",2
4.64844300060147,-74.0713395661951,"Femenino",2
4.6450313892849,-74.1385332262173,"Masculino",2
4.69654325045829,-74.0818197267567,"Femenino",2
4.72344436515189,-74.0371543535071,"Femenino",2
4.72365546526118,-74.0627084315209,"Masculino",2
4.63050446945894,-74.2025088674665,"Masculino",2
4.6717375265375,-74.0578331373985,"Femenino",2
4.70695449551664,-74.0598687615474,"Masculino",2
4.67639551719647,-74.042967898835,"Femenino",2
4.72558482860805,-74.0287446564784,"Femenino",2
4.6265310388901,-74.0918641719538,"Femenino",2
4.72561666359239,-74.0496573468255,"Masculino",2
4.71994023116702,-74.1186127722309,"Masculino",2
4.72789186981094,-74.0520763179943,"Masculino",2
4.7548384293486,-74.0469089648822,"Femenino",2
4.72042467666771,-74.039923611011,"Femenino",2
4.6732507922203,-74.0519323013786,"Femenino",2
4.55022627050028,-74.1085960189254,"Femenino",2
4.62258763596215,-74.0669647605047,"Masculino",2
4.73808065903604,-74.0266098155775,"Femenino",2
4.69566575752878,-74.0820598266985,"Masculino",2
4.63303131881815,-74.0861018726065,"Masculino",2
4.59561544098335,-74.1015475139895,"Femenino",2
4.74927538781509,-74.1041420610591,"Masculino",2
0,0,"Masculino",2
4.6747510606764,-74.0451669025464,"Femenino",2
4.59844417396453,-74.0763974646657,"Masculino",2
4.67030646814834,-74.1199602294185,"Masculino",2
4.68710264801588,-74.0374419895213,"Masculino",2
4.63036540496268,-74.0865165013366,"Masculino",2
4.64518188044078,-74.1057311322981,"Masculino",2
4.69211128628415,-74.0869308721744,"Masculino",2
4.7589459694533,-74.0297195379812,"Femenino",2
4.75846264567738,-74.0333623917855,"Masculino",2
4.6429807418658,-74.091040087849,"Masculino",2
4.69990193102489,-74.0288705646766,"Femenino",2
4.67639551719647,-74.042967898835,"Femenino",2
6.21280966619965,-75.5671470956538,"Femenino",2
4.63190620348032,-74.0772262987389,"Masculino",2
4.59519058991769,-74.1316013805477,"Masculino",2
4.64248705457736,-74.099386102537,"Femenino",2
4.6163567604133,-74.0711538838342,"Masculino",2
4.6426449319804,-74.144331340313,"Femenino",2
4.75200086043427,-74.0624399772413,"Femenino",2
4.66025921594655,-74.0532979030243,"Femenino",2
4.65198177329519,-74.0865714224484,"Femenino",2
4.58355174585728,-74.1351233026878,"Femenino",2
4.72977769020019,-74.0469580310464,"Masculino",2
4.74388049155145,-74.0639350654046,"Masculino",2
4.68580890259414,-74.0514125235344,"Masculino",2
4.71582631091912,-74.1206686528539,"Femenino",2
0,0,"Masculino",2
4.70196082866879,-74.0324277417459,"Masculino",2
4.61890596139217,-74.1674306002878,"Femenino",2
4.75159012858474,-74.1089531542497,"Femenino",2
4.75257676663375,-74.0984845455257,"Masculino",2
4.66958636565392,-74.1061214553052,"Femenino",2
4.63677308850204,-74.0684253005699,"Masculino",2
4.67843694752611,-74.0509536792873,"Masculino",2
0,0,"Femenino",2
4.70480297236947,-74.0465352636231,"Femenino",2
4.71337342068855,-74.1240938609273,"Femenino",2
4.68473663506266,-74.0515129002708,"Femenino",2
4.7236423919573,-74.1124849360379,"Masculino",2
4.73938059083489,-74.0369700773106,"Masculino",2
4.63342244326342,-74.0729574532754,"Masculino",2
4.72632722481041,-74.1119967271269,"Masculino",2
4.59669737075255,-74.130650531912,"Femenino",2
4.60742305647351,-74.0760994145406,"Femenino",2
4.64145000320553,-74.1281158241672,"Masculino",2
4.69685483634545,-74.0678991824092,"Masculino",2
4.6752171557578,-74.1341948888155,"Femenino",2
4.68384605793464,-74.046095608006,"Masculino",2
4.65915885976683,-74.1164535450769,"Masculino",2
4.67704136910956,-74.055676063196,"Masculino",2
4.76643734293004,-74.045153660363,"Femenino",2
4.71512981296685,-74.0475242776224,"Femenino",2
4.59655638867584,-74.0918865649777,"Masculino",2
4.72632722481041,-74.1119967271269,"Femenino",2
4.76794170095676,-74.0324735617314,"Femenino",2
4.63048103347292,-74.1763952183652,"Femenino",2
4.64282087321331,-74.1034623780583,"Masculino",2
4.71794826395368,-74.0439834021961,"Femenino",2
4.57772196159421,-74.1156623862037,"Masculino",2
4.6480773923276,-74.0587296524904,"Masculino",2
4.69765237385558,-74.065544679199,"Femenino",2
4.57212858008168,-74.1012730946615,"Femenino",2
4.64367787873867,-74.1879372171852,"Masculino",2
4.73773938046177,-74.0889022405238,"Femenino",2
3.48503836530629,-76.4943578043977,"Masculino",2
0,0,"Masculino",2
4.59952952818739,-74.1180067455032,"Femenino",2
4.69325899727995,-74.0378295285192,"Masculino",2
4.6959175212021,-74.0610948626966,"Femenino",2
4.62493593884413,-74.1468438587183,"Femenino",2
4.73756902047499,-74.0649102685606,"Femenino",2
4.60674952018756,-74.0688139417733,"Masculino",2
0,0,"Femenino",2
4.71226483581024,-74.1142480168482,"Masculino",2
10.4504001243609,-75.5170154206693,"Femenino",2
10.3964552915782,-75.5548601746893,"Femenino",2
4.60155493704771,-74.1450003981102,"Masculino",2
0,0,"Femenino",2
4.69095487903973,-74.0489447836906,"Femenino",2
4.67508917948406,-74.0742790162263,"Masculino",2
4.72185867881872,-74.1252432485664,"Masculino",2
4.62422790536775,-74.1474123423106,"Masculino",2
4.69587309341836,-74.078473101527,"Masculino",2
4.65683839861731,-74.0642909673954,"Masculino",2
4.68971976583343,-74.0815471151434,"Femenino",2
4.60353002024768,-74.1405303227584,"Femenino",2
11.2426618814281,-74.2056543936491,"Masculino",2
0,0,"Masculino",2
4.61314874012073,-74.0782856785644,"Femenino",2
4.58202971030379,-74.1293600711798,"Femenino",2
4.6688642423876,-74.0429368633945,"Femenino",2
4.71800737973777,-74.0357793969868,"Femenino",2
4.74942899433108,-74.0841058399067,"Femenino",2
4.73139555156189,-74.030538108787,"Masculino",2
4.6570083680701,-74.1087636284834,"Femenino",2
4.62003130175688,-74.1327778660514,"Femenino",2
4.7267756935756,-74.0470466849072,"Masculino",2
0,0,"Masculino",2
4.61563248494097,-74.1566399511541,"Femenino",2
4.68280902130079,-74.0614802410285,"Masculino",2
4.69614061625594,-74.0613667567696,"Femenino",2
4.69225190276173,-74.0629281619103,"Femenino",2
4.63351455444412,-74.1427875471912,"Femenino",2
4.63490756643538,-74.0637001093965,"Masculino",2
4.67487360308762,-74.0857755663274,"Masculino",2
4.7469913814702,-74.035787031236,"Femenino",2
4.62218869478483,-74.1324799034367,"Masculino",2
4.70750709200396,-74.0319233757042,"Femenino",2
4.71199429930996,-74.0628959483801,"Masculino",2
4.62911079159389,-74.0877836988241,"Masculino",2
4.63709912234093,-74.0995543109703,"Femenino",2
4.73040177129644,-74.0652402346307,"Femenino",2
0,0,"Femenino",2
4.73565612444862,-74.0578217679113,"Femenino",2
0,0,"Masculino",2
0,0,"Femenino",2
4.75633453297154,-74.0824512383772,"Femenino",2
4.7247490388972,-74.0274887734671,"Masculino",2
4.73331554207336,-74.0330545410224,"Femenino",2
0,0,"Femenino",2
4.71630881525528,-74.0593562022577,"Femenino",2
4.72965527482098,-74.0474195255262,"Femenino",2
6.24949859035341,-75.6092704701727,"Masculino",2
4.63740898340136,-74.1468382736345,"Femenino",2
4.61177459225008,-74.1267581792734,"Femenino",2
4.70505430451607,-74.0515385126571,"Femenino",2
4.5917462995531,-74.1556753692143,"Masculino",2
0,0,"Masculino",2
4.72618011205423,-74.0337752055374,"Femenino",2
4.66560030242094,-74.1351791895403,"Femenino",2
4.73249405125132,-74.1173652649692,"Femenino",2
4.60706000645996,-74.1179618731897,"Femenino",2
4.71979270620539,-74.1219119697632,"Femenino",2
4.60145895494513,-74.1569172850297,"Femenino",2
0,0,"Femenino",2
4.74767903047483,-74.0679328476967,"Femenino",2
4.64021834295587,-74.0639678585732,"Femenino",2
4.61896409508163,-74.1094653567683,"Masculino",2
0,0,"Femenino",2
4.75137241425473,-74.0675603724118,"Masculino",2
0,0,"Masculino",2
4.67537906889954,-74.0421285357289,"Femenino",2
4.66433157302599,-74.0826152227827,"Femenino",2
4.76057518552434,-74.0239008778347,"Femenino",2
4.64918243650627,-74.0625267115864,"Masculino",2
4.61041979451159,-74.0721371798975,"Femenino",2
4.69759207282935,-74.0694635372241,"Masculino",2
4.62080946391391,-74.1311260510744,"Masculino",2
4.66358082059423,-74.0518960598758,"Masculino",2
4.64203405838933,-74.069697785871,"Masculino",2
4.6630309357311,-74.1160805116421,"Femenino",2
4.67036496583691,-74.0583625296767,"Masculino",2
